INFO:     Started server process [23560]
INFO:     Waiting for application startup.
INFO:     Application startup complete.
INFO:     Uvicorn running on http://0.0.0.0:9000 (Press CTRL+C to quit)
Background pipeline run failed
Traceback (most recent call last):
  File "C:\Github - MindQ\Mind-Q-V4-BI\backend\src\app\services\pipeline_api\app.py", line 1049, in run_phase01
    return await _run_sync(_execute)
  File "C:\Github - MindQ\Mind-Q-V4-BI\backend\src\app\services\pipeline_api\app.py", line 800, in _run_sync
    return await anyio.to_thread.run_sync(func, *args, **kwargs)
  File "C:\Github - MindQ\Mind-Q-V4-BI\.venv\lib\site-packages\anyio\to_thread.py", line 56, in run_sync
    return await get_async_backend().run_sync_in_worker_thread(
  File "C:\Github - MindQ\Mind-Q-V4-BI\.venv\lib\site-packages\anyio\_backends\_asyncio.py", line 2485, in run_sync_in_worker_thread
    return await future
  File "C:\Github - MindQ\Mind-Q-V4-BI\.venv\lib\site-packages\anyio\_backends\_asyncio.py", line 976, in run
    result = context.run(func, *args)
  File "C:\Github - MindQ\Mind-Q-V4-BI\backend\src\app\services\pipeline_api\app.py", line 1046, in _execute
    return _run_standard_phase(PHASE_MODULES["01_ingestion"], run_id, inputs, config)
  File "C:\Github - MindQ\Mind-Q-V4-BI\backend\src\app\services\pipeline_api\app.py", line 805, in _run_standard_phase
    return module.run(run_id, inputs, config)  # type: ignore[attr-defined]
  File "C:\Github - MindQ\Mind-Q-V4-BI\backend\phases\01_ingestion\impl.py", line 646, in run
    combined, retry_coerced = _write_parquet_with_retry(combined, raw_path)
  File "C:\Github - MindQ\Mind-Q-V4-BI\backend\phases\01_ingestion\impl.py", line 419, in _write_parquet_with_retry
    raise RuntimeError(detail)
RuntimeError: Failed to persist parquet after 3 attempts for C:\Github - MindQ\Mind-Q-V4-BI\artifacts\run-20251031203653\stage_01_ingestion\raw.parquet. Last error: ("Could not convert '1' with type str: tried to convert to double", 'Conversion failed for column ON PIECES with type object'). Coerced columns: ['COD_AMOUNT', 'LONGITUDE', 'ON PIECES'].

The above exception was the direct cause of the following exception:

Traceback (most recent call last):
  File "C:\Github - MindQ\Mind-Q-V4-BI\backend\src\app\services\pipeline_api\app.py", line 1763, in _background_run
    await _run_full_pipeline_impl(run_id, copied_request, artifacts_root)
  File "C:\Github - MindQ\Mind-Q-V4-BI\backend\src\app\services\pipeline_api\app.py", line 1613, in _run_full_pipeline_impl
    await _run_phase("01_ingestion", run_phase01(run_id, ingestion_payload))
  File "C:\Github - MindQ\Mind-Q-V4-BI\backend\src\app\services\pipeline_api\app.py", line 1588, in _run_phase
    result = await runner
  File "C:\Github - MindQ\Mind-Q-V4-BI\backend\src\app\services\pipeline_api\app.py", line 1053, in run_phase01
    raise HTTPException(status_code=500, detail=str(exc)) from exc
fastapi.exceptions.HTTPException: 500: Failed to persist parquet after 3 attempts for C:\Github - MindQ\Mind-Q-V4-BI\artifacts\run-20251031203653\stage_01_ingestion\raw.parquet. Last error: ("Could not convert '1' with type str: tried to convert to double", 'Conversion failed for column ON PIECES with type object'). Coerced columns: ['COD_AMOUNT', 'LONGITUDE', 'ON PIECES'].
C:\Github - MindQ\Mind-Q-V4-BI\backend\phases\02_quality\impl.py:204: UserWarning: Could not infer format, so each element will be parsed individually, falling back to `dateutil`. To ensure parsing is consistent and as-expected, please specify a format.
  parsed = pd.to_datetime(series, errors="coerce", utc=True)
C:\Github - MindQ\Mind-Q-V4-BI\backend\phases\02_quality\impl.py:204: UserWarning: Could not infer format, so each element will be parsed individually, falling back to `dateutil`. To ensure parsing is consistent and as-expected, please specify a format.
  parsed = pd.to_datetime(series, errors="coerce", utc=True)
C:\Github - MindQ\Mind-Q-V4-BI\backend\phases\06_feature_eng\impl.py:236: FutureWarning: Downcasting object dtype arrays on .fillna, .ffill, .bfill is deprecated and will change in a future version. Call result.infer_objects(copy=False) instead. To opt-in to the future behavior, set `pd.set_option('future.no_silent_downcasting', True)`
  baseline = pickup.fillna(schedule)
C:\Github - MindQ\Mind-Q-V4-BI\backend\phases\07_readiness\impl.py:740: ConstantInputWarning: An input array is constant; the correlation coefficient is not defined.
  r_value, p_value = stats.pearsonr(pair_df[c1], pair_df[c2])
C:\Github - MindQ\Mind-Q-V4-BI\backend\phases\07_readiness\impl.py:740: ConstantInputWarning: An input array is constant; the correlation coefficient is not defined.
  r_value, p_value = stats.pearsonr(pair_df[c1], pair_df[c2])
C:\Github - MindQ\Mind-Q-V4-BI\backend\phases\07_readiness\impl.py:740: ConstantInputWarning: An input array is constant; the correlation coefficient is not defined.
  r_value, p_value = stats.pearsonr(pair_df[c1], pair_df[c2])
C:\Github - MindQ\Mind-Q-V4-BI\backend\phases\07_readiness\impl.py:740: ConstantInputWarning: An input array is constant; the correlation coefficient is not defined.
  r_value, p_value = stats.pearsonr(pair_df[c1], pair_df[c2])
C:\Github - MindQ\Mind-Q-V4-BI\backend\phases\07_readiness\impl.py:740: ConstantInputWarning: An input array is constant; the correlation coefficient is not defined.
  r_value, p_value = stats.pearsonr(pair_df[c1], pair_df[c2])
C:\Github - MindQ\Mind-Q-V4-BI\backend\phases\07_readiness\impl.py:740: ConstantInputWarning: An input array is constant; the correlation coefficient is not defined.
  r_value, p_value = stats.pearsonr(pair_df[c1], pair_df[c2])
C:\Github - MindQ\Mind-Q-V4-BI\backend\phases\07_readiness\impl.py:740: ConstantInputWarning: An input array is constant; the correlation coefficient is not defined.
  r_value, p_value = stats.pearsonr(pair_df[c1], pair_df[c2])
C:\Github - MindQ\Mind-Q-V4-BI\backend\phases\07_readiness\impl.py:740: ConstantInputWarning: An input array is constant; the correlation coefficient is not defined.
  r_value, p_value = stats.pearsonr(pair_df[c1], pair_df[c2])
C:\Github - MindQ\Mind-Q-V4-BI\backend\phases\07_readiness\impl.py:740: ConstantInputWarning: An input array is constant; the correlation coefficient is not defined.
  r_value, p_value = stats.pearsonr(pair_df[c1], pair_df[c2])
C:\Github - MindQ\Mind-Q-V4-BI\backend\phases\07_readiness\impl.py:740: ConstantInputWarning: An input array is constant; the correlation coefficient is not defined.
  r_value, p_value = stats.pearsonr(pair_df[c1], pair_df[c2])
C:\Github - MindQ\Mind-Q-V4-BI\backend\phases\07_readiness\impl.py:740: ConstantInputWarning: An input array is constant; the correlation coefficient is not defined.
  r_value, p_value = stats.pearsonr(pair_df[c1], pair_df[c2])
C:\Github - MindQ\Mind-Q-V4-BI\backend\phases\07_readiness\impl.py:740: ConstantInputWarning: An input array is constant; the correlation coefficient is not defined.
  r_value, p_value = stats.pearsonr(pair_df[c1], pair_df[c2])
C:\Github - MindQ\Mind-Q-V4-BI\backend\phases\07_readiness\impl.py:740: ConstantInputWarning: An input array is constant; the correlation coefficient is not defined.
  r_value, p_value = stats.pearsonr(pair_df[c1], pair_df[c2])
C:\Github - MindQ\Mind-Q-V4-BI\backend\phases\07_readiness\impl.py:740: ConstantInputWarning: An input array is constant; the correlation coefficient is not defined.
  r_value, p_value = stats.pearsonr(pair_df[c1], pair_df[c2])
C:\Github - MindQ\Mind-Q-V4-BI\backend\phases\07_readiness\impl.py:740: ConstantInputWarning: An input array is constant; the correlation coefficient is not defined.
  r_value, p_value = stats.pearsonr(pair_df[c1], pair_df[c2])
C:\Github - MindQ\Mind-Q-V4-BI\backend\phases\07_readiness\impl.py:740: ConstantInputWarning: An input array is constant; the correlation coefficient is not defined.
  r_value, p_value = stats.pearsonr(pair_df[c1], pair_df[c2])
C:\Github - MindQ\Mind-Q-V4-BI\backend\phases\07_readiness\impl.py:740: ConstantInputWarning: An input array is constant; the correlation coefficient is not defined.
  r_value, p_value = stats.pearsonr(pair_df[c1], pair_df[c2])
C:\Github - MindQ\Mind-Q-V4-BI\backend\phases\07_readiness\impl.py:740: ConstantInputWarning: An input array is constant; the correlation coefficient is not defined.
  r_value, p_value = stats.pearsonr(pair_df[c1], pair_df[c2])
C:\Github - MindQ\Mind-Q-V4-BI\backend\phases\07_readiness\impl.py:740: ConstantInputWarning: An input array is constant; the correlation coefficient is not defined.
  r_value, p_value = stats.pearsonr(pair_df[c1], pair_df[c2])
C:\Github - MindQ\Mind-Q-V4-BI\backend\phases\07_readiness\impl.py:740: ConstantInputWarning: An input array is constant; the correlation coefficient is not defined.
  r_value, p_value = stats.pearsonr(pair_df[c1], pair_df[c2])
C:\Github - MindQ\Mind-Q-V4-BI\backend\phases\07_readiness\impl.py:740: ConstantInputWarning: An input array is constant; the correlation coefficient is not defined.
  r_value, p_value = stats.pearsonr(pair_df[c1], pair_df[c2])
C:\Github - MindQ\Mind-Q-V4-BI\backend\phases\07_readiness\impl.py:740: ConstantInputWarning: An input array is constant; the correlation coefficient is not defined.
  r_value, p_value = stats.pearsonr(pair_df[c1], pair_df[c2])
C:\Github - MindQ\Mind-Q-V4-BI\backend\phases\07_readiness\impl.py:740: ConstantInputWarning: An input array is constant; the correlation coefficient is not defined.
  r_value, p_value = stats.pearsonr(pair_df[c1], pair_df[c2])
C:\Github - MindQ\Mind-Q-V4-BI\backend\phases\07_readiness\impl.py:740: ConstantInputWarning: An input array is constant; the correlation coefficient is not defined.
  r_value, p_value = stats.pearsonr(pair_df[c1], pair_df[c2])
C:\Github - MindQ\Mind-Q-V4-BI\backend\phases\07_readiness\impl.py:740: ConstantInputWarning: An input array is constant; the correlation coefficient is not defined.
  r_value, p_value = stats.pearsonr(pair_df[c1], pair_df[c2])
C:\Github - MindQ\Mind-Q-V4-BI\backend\phases\07_readiness\impl.py:740: ConstantInputWarning: An input array is constant; the correlation coefficient is not defined.
  r_value, p_value = stats.pearsonr(pair_df[c1], pair_df[c2])
C:\Github - MindQ\Mind-Q-V4-BI\backend\phases\07_readiness\impl.py:740: ConstantInputWarning: An input array is constant; the correlation coefficient is not defined.
  r_value, p_value = stats.pearsonr(pair_df[c1], pair_df[c2])
C:\Github - MindQ\Mind-Q-V4-BI\backend\phases\07_readiness\impl.py:740: ConstantInputWarning: An input array is constant; the correlation coefficient is not defined.
  r_value, p_value = stats.pearsonr(pair_df[c1], pair_df[c2])
C:\Github - MindQ\Mind-Q-V4-BI\backend\phases\07_readiness\impl.py:740: ConstantInputWarning: An input array is constant; the correlation coefficient is not defined.
  r_value, p_value = stats.pearsonr(pair_df[c1], pair_df[c2])
C:\Github - MindQ\Mind-Q-V4-BI\backend\phases\07_readiness\impl.py:740: ConstantInputWarning: An input array is constant; the correlation coefficient is not defined.
  r_value, p_value = stats.pearsonr(pair_df[c1], pair_df[c2])
C:\Github - MindQ\Mind-Q-V4-BI\backend\phases\07_readiness\impl.py:740: ConstantInputWarning: An input array is constant; the correlation coefficient is not defined.
  r_value, p_value = stats.pearsonr(pair_df[c1], pair_df[c2])
C:\Github - MindQ\Mind-Q-V4-BI\backend\phases\07_readiness\impl.py:740: ConstantInputWarning: An input array is constant; the correlation coefficient is not defined.
  r_value, p_value = stats.pearsonr(pair_df[c1], pair_df[c2])
C:\Github - MindQ\Mind-Q-V4-BI\backend\phases\07_readiness\impl.py:740: ConstantInputWarning: An input array is constant; the correlation coefficient is not defined.
  r_value, p_value = stats.pearsonr(pair_df[c1], pair_df[c2])
C:\Github - MindQ\Mind-Q-V4-BI\backend\phases\07_readiness\impl.py:740: ConstantInputWarning: An input array is constant; the correlation coefficient is not defined.
  r_value, p_value = stats.pearsonr(pair_df[c1], pair_df[c2])
C:\Github - MindQ\Mind-Q-V4-BI\backend\phases\07_readiness\impl.py:740: ConstantInputWarning: An input array is constant; the correlation coefficient is not defined.
  r_value, p_value = stats.pearsonr(pair_df[c1], pair_df[c2])
C:\Github - MindQ\Mind-Q-V4-BI\backend\phases\07_readiness\impl.py:740: ConstantInputWarning: An input array is constant; the correlation coefficient is not defined.
  r_value, p_value = stats.pearsonr(pair_df[c1], pair_df[c2])
C:\Github - MindQ\Mind-Q-V4-BI\backend\phases\07_readiness\impl.py:740: ConstantInputWarning: An input array is constant; the correlation coefficient is not defined.
  r_value, p_value = stats.pearsonr(pair_df[c1], pair_df[c2])
C:\Github - MindQ\Mind-Q-V4-BI\backend\phases\07_readiness\impl.py:740: ConstantInputWarning: An input array is constant; the correlation coefficient is not defined.
  r_value, p_value = stats.pearsonr(pair_df[c1], pair_df[c2])
C:\Github - MindQ\Mind-Q-V4-BI\backend\phases\07_readiness\impl.py:740: ConstantInputWarning: An input array is constant; the correlation coefficient is not defined.
  r_value, p_value = stats.pearsonr(pair_df[c1], pair_df[c2])
C:\Github - MindQ\Mind-Q-V4-BI\backend\phases\07_readiness\impl.py:740: ConstantInputWarning: An input array is constant; the correlation coefficient is not defined.
  r_value, p_value = stats.pearsonr(pair_df[c1], pair_df[c2])
C:\Github - MindQ\Mind-Q-V4-BI\backend\phases\07_readiness\impl.py:740: ConstantInputWarning: An input array is constant; the correlation coefficient is not defined.
  r_value, p_value = stats.pearsonr(pair_df[c1], pair_df[c2])
C:\Github - MindQ\Mind-Q-V4-BI\backend\phases\07_readiness\impl.py:740: ConstantInputWarning: An input array is constant; the correlation coefficient is not defined.
  r_value, p_value = stats.pearsonr(pair_df[c1], pair_df[c2])
C:\Github - MindQ\Mind-Q-V4-BI\backend\phases\07_readiness\impl.py:740: ConstantInputWarning: An input array is constant; the correlation coefficient is not defined.
  r_value, p_value = stats.pearsonr(pair_df[c1], pair_df[c2])
C:\Github - MindQ\Mind-Q-V4-BI\backend\phases\07_readiness\impl.py:740: ConstantInputWarning: An input array is constant; the correlation coefficient is not defined.
  r_value, p_value = stats.pearsonr(pair_df[c1], pair_df[c2])
C:\Github - MindQ\Mind-Q-V4-BI\backend\phases\07_readiness\impl.py:740: ConstantInputWarning: An input array is constant; the correlation coefficient is not defined.
  r_value, p_value = stats.pearsonr(pair_df[c1], pair_df[c2])
C:\Github - MindQ\Mind-Q-V4-BI\backend\phases\07_readiness\impl.py:740: ConstantInputWarning: An input array is constant; the correlation coefficient is not defined.
  r_value, p_value = stats.pearsonr(pair_df[c1], pair_df[c2])
C:\Github - MindQ\Mind-Q-V4-BI\backend\phases\07_readiness\impl.py:740: ConstantInputWarning: An input array is constant; the correlation coefficient is not defined.
  r_value, p_value = stats.pearsonr(pair_df[c1], pair_df[c2])
C:\Github - MindQ\Mind-Q-V4-BI\backend\phases\07_readiness\impl.py:740: ConstantInputWarning: An input array is constant; the correlation coefficient is not defined.
  r_value, p_value = stats.pearsonr(pair_df[c1], pair_df[c2])
C:\Github - MindQ\Mind-Q-V4-BI\backend\phases\07_readiness\impl.py:740: ConstantInputWarning: An input array is constant; the correlation coefficient is not defined.
  r_value, p_value = stats.pearsonr(pair_df[c1], pair_df[c2])
C:\Github - MindQ\Mind-Q-V4-BI\backend\phases\07_readiness\impl.py:740: ConstantInputWarning: An input array is constant; the correlation coefficient is not defined.
  r_value, p_value = stats.pearsonr(pair_df[c1], pair_df[c2])
C:\Github - MindQ\Mind-Q-V4-BI\backend\phases\07_readiness\impl.py:740: ConstantInputWarning: An input array is constant; the correlation coefficient is not defined.
  r_value, p_value = stats.pearsonr(pair_df[c1], pair_df[c2])
C:\Github - MindQ\Mind-Q-V4-BI\backend\phases\07_readiness\impl.py:740: ConstantInputWarning: An input array is constant; the correlation coefficient is not defined.
  r_value, p_value = stats.pearsonr(pair_df[c1], pair_df[c2])
C:\Github - MindQ\Mind-Q-V4-BI\backend\phases\07_readiness\impl.py:740: ConstantInputWarning: An input array is constant; the correlation coefficient is not defined.
  r_value, p_value = stats.pearsonr(pair_df[c1], pair_df[c2])
C:\Github - MindQ\Mind-Q-V4-BI\backend\phases\07_readiness\impl.py:740: ConstantInputWarning: An input array is constant; the correlation coefficient is not defined.
  r_value, p_value = stats.pearsonr(pair_df[c1], pair_df[c2])
C:\Github - MindQ\Mind-Q-V4-BI\backend\phases\07_readiness\impl.py:740: ConstantInputWarning: An input array is constant; the correlation coefficient is not defined.
  r_value, p_value = stats.pearsonr(pair_df[c1], pair_df[c2])
C:\Github - MindQ\Mind-Q-V4-BI\backend\phases\07_readiness\impl.py:740: ConstantInputWarning: An input array is constant; the correlation coefficient is not defined.
  r_value, p_value = stats.pearsonr(pair_df[c1], pair_df[c2])
C:\Github - MindQ\Mind-Q-V4-BI\backend\phases\07_readiness\impl.py:740: ConstantInputWarning: An input array is constant; the correlation coefficient is not defined.
  r_value, p_value = stats.pearsonr(pair_df[c1], pair_df[c2])
C:\Github - MindQ\Mind-Q-V4-BI\backend\phases\07_readiness\impl.py:740: ConstantInputWarning: An input array is constant; the correlation coefficient is not defined.
  r_value, p_value = stats.pearsonr(pair_df[c1], pair_df[c2])
C:\Github - MindQ\Mind-Q-V4-BI\backend\phases\07_readiness\impl.py:740: ConstantInputWarning: An input array is constant; the correlation coefficient is not defined.
  r_value, p_value = stats.pearsonr(pair_df[c1], pair_df[c2])
C:\Github - MindQ\Mind-Q-V4-BI\backend\phases\07_readiness\impl.py:740: ConstantInputWarning: An input array is constant; the correlation coefficient is not defined.
  r_value, p_value = stats.pearsonr(pair_df[c1], pair_df[c2])
C:\Github - MindQ\Mind-Q-V4-BI\backend\phases\07_readiness\impl.py:740: ConstantInputWarning: An input array is constant; the correlation coefficient is not defined.
  r_value, p_value = stats.pearsonr(pair_df[c1], pair_df[c2])
C:\Github - MindQ\Mind-Q-V4-BI\backend\phases\07_readiness\impl.py:740: ConstantInputWarning: An input array is constant; the correlation coefficient is not defined.
  r_value, p_value = stats.pearsonr(pair_df[c1], pair_df[c2])
C:\Github - MindQ\Mind-Q-V4-BI\backend\phases\07_readiness\impl.py:740: ConstantInputWarning: An input array is constant; the correlation coefficient is not defined.
  r_value, p_value = stats.pearsonr(pair_df[c1], pair_df[c2])
C:\Github - MindQ\Mind-Q-V4-BI\backend\phases\07_readiness\impl.py:740: ConstantInputWarning: An input array is constant; the correlation coefficient is not defined.
  r_value, p_value = stats.pearsonr(pair_df[c1], pair_df[c2])
C:\Github - MindQ\Mind-Q-V4-BI\backend\phases\07_readiness\impl.py:740: ConstantInputWarning: An input array is constant; the correlation coefficient is not defined.
  r_value, p_value = stats.pearsonr(pair_df[c1], pair_df[c2])
C:\Github - MindQ\Mind-Q-V4-BI\backend\phases\07_readiness\impl.py:740: ConstantInputWarning: An input array is constant; the correlation coefficient is not defined.
  r_value, p_value = stats.pearsonr(pair_df[c1], pair_df[c2])
C:\Github - MindQ\Mind-Q-V4-BI\backend\phases\07_readiness\impl.py:740: ConstantInputWarning: An input array is constant; the correlation coefficient is not defined.
  r_value, p_value = stats.pearsonr(pair_df[c1], pair_df[c2])
C:\Github - MindQ\Mind-Q-V4-BI\backend\phases\07_readiness\impl.py:740: ConstantInputWarning: An input array is constant; the correlation coefficient is not defined.
  r_value, p_value = stats.pearsonr(pair_df[c1], pair_df[c2])
C:\Github - MindQ\Mind-Q-V4-BI\backend\phases\07_readiness\impl.py:740: ConstantInputWarning: An input array is constant; the correlation coefficient is not defined.
  r_value, p_value = stats.pearsonr(pair_df[c1], pair_df[c2])
C:\Github - MindQ\Mind-Q-V4-BI\backend\phases\07_readiness\impl.py:740: ConstantInputWarning: An input array is constant; the correlation coefficient is not defined.
  r_value, p_value = stats.pearsonr(pair_df[c1], pair_df[c2])
C:\Github - MindQ\Mind-Q-V4-BI\backend\phases\07_readiness\impl.py:740: ConstantInputWarning: An input array is constant; the correlation coefficient is not defined.
  r_value, p_value = stats.pearsonr(pair_df[c1], pair_df[c2])
C:\Github - MindQ\Mind-Q-V4-BI\backend\phases\07_readiness\impl.py:740: ConstantInputWarning: An input array is constant; the correlation coefficient is not defined.
  r_value, p_value = stats.pearsonr(pair_df[c1], pair_df[c2])
C:\Github - MindQ\Mind-Q-V4-BI\backend\phases\07_readiness\impl.py:740: ConstantInputWarning: An input array is constant; the correlation coefficient is not defined.
  r_value, p_value = stats.pearsonr(pair_df[c1], pair_df[c2])
C:\Github - MindQ\Mind-Q-V4-BI\backend\phases\07_readiness\impl.py:740: ConstantInputWarning: An input array is constant; the correlation coefficient is not defined.
  r_value, p_value = stats.pearsonr(pair_df[c1], pair_df[c2])
C:\Github - MindQ\Mind-Q-V4-BI\backend\phases\07_readiness\impl.py:740: ConstantInputWarning: An input array is constant; the correlation coefficient is not defined.
  r_value, p_value = stats.pearsonr(pair_df[c1], pair_df[c2])
C:\Github - MindQ\Mind-Q-V4-BI\backend\phases\07_readiness\impl.py:740: ConstantInputWarning: An input array is constant; the correlation coefficient is not defined.
  r_value, p_value = stats.pearsonr(pair_df[c1], pair_df[c2])
C:\Github - MindQ\Mind-Q-V4-BI\backend\phases\07_readiness\impl.py:740: ConstantInputWarning: An input array is constant; the correlation coefficient is not defined.
  r_value, p_value = stats.pearsonr(pair_df[c1], pair_df[c2])
C:\Github - MindQ\Mind-Q-V4-BI\backend\phases\07_readiness\impl.py:740: ConstantInputWarning: An input array is constant; the correlation coefficient is not defined.
  r_value, p_value = stats.pearsonr(pair_df[c1], pair_df[c2])
C:\Github - MindQ\Mind-Q-V4-BI\backend\phases\07_readiness\impl.py:740: ConstantInputWarning: An input array is constant; the correlation coefficient is not defined.
  r_value, p_value = stats.pearsonr(pair_df[c1], pair_df[c2])
C:\Github - MindQ\Mind-Q-V4-BI\backend\phases\07_readiness\impl.py:740: ConstantInputWarning: An input array is constant; the correlation coefficient is not defined.
  r_value, p_value = stats.pearsonr(pair_df[c1], pair_df[c2])
C:\Github - MindQ\Mind-Q-V4-BI\backend\phases\07_readiness\impl.py:740: ConstantInputWarning: An input array is constant; the correlation coefficient is not defined.
  r_value, p_value = stats.pearsonr(pair_df[c1], pair_df[c2])
C:\Github - MindQ\Mind-Q-V4-BI\backend\phases\07_readiness\impl.py:740: ConstantInputWarning: An input array is constant; the correlation coefficient is not defined.
  r_value, p_value = stats.pearsonr(pair_df[c1], pair_df[c2])
C:\Github - MindQ\Mind-Q-V4-BI\backend\phases\07_readiness\impl.py:740: ConstantInputWarning: An input array is constant; the correlation coefficient is not defined.
  r_value, p_value = stats.pearsonr(pair_df[c1], pair_df[c2])
C:\Github - MindQ\Mind-Q-V4-BI\backend\phases\07_readiness\impl.py:740: ConstantInputWarning: An input array is constant; the correlation coefficient is not defined.
  r_value, p_value = stats.pearsonr(pair_df[c1], pair_df[c2])
C:\Github - MindQ\Mind-Q-V4-BI\backend\phases\07_readiness\impl.py:740: ConstantInputWarning: An input array is constant; the correlation coefficient is not defined.
  r_value, p_value = stats.pearsonr(pair_df[c1], pair_df[c2])
C:\Github - MindQ\Mind-Q-V4-BI\backend\phases\07_readiness\impl.py:740: ConstantInputWarning: An input array is constant; the correlation coefficient is not defined.
  r_value, p_value = stats.pearsonr(pair_df[c1], pair_df[c2])
C:\Github - MindQ\Mind-Q-V4-BI\backend\phases\07_readiness\impl.py:740: ConstantInputWarning: An input array is constant; the correlation coefficient is not defined.
  r_value, p_value = stats.pearsonr(pair_df[c1], pair_df[c2])
C:\Github - MindQ\Mind-Q-V4-BI\backend\phases\07_readiness\impl.py:740: ConstantInputWarning: An input array is constant; the correlation coefficient is not defined.
  r_value, p_value = stats.pearsonr(pair_df[c1], pair_df[c2])
C:\Github - MindQ\Mind-Q-V4-BI\backend\phases\07_readiness\impl.py:740: ConstantInputWarning: An input array is constant; the correlation coefficient is not defined.
  r_value, p_value = stats.pearsonr(pair_df[c1], pair_df[c2])
C:\Github - MindQ\Mind-Q-V4-BI\backend\phases\07_readiness\impl.py:740: ConstantInputWarning: An input array is constant; the correlation coefficient is not defined.
  r_value, p_value = stats.pearsonr(pair_df[c1], pair_df[c2])
C:\Github - MindQ\Mind-Q-V4-BI\backend\phases\07_readiness\impl.py:740: ConstantInputWarning: An input array is constant; the correlation coefficient is not defined.
  r_value, p_value = stats.pearsonr(pair_df[c1], pair_df[c2])
C:\Github - MindQ\Mind-Q-V4-BI\backend\phases\07_readiness\impl.py:740: ConstantInputWarning: An input array is constant; the correlation coefficient is not defined.
  r_value, p_value = stats.pearsonr(pair_df[c1], pair_df[c2])
C:\Github - MindQ\Mind-Q-V4-BI\backend\phases\07_readiness\impl.py:740: ConstantInputWarning: An input array is constant; the correlation coefficient is not defined.
  r_value, p_value = stats.pearsonr(pair_df[c1], pair_df[c2])
C:\Github - MindQ\Mind-Q-V4-BI\backend\phases\07_readiness\impl.py:740: ConstantInputWarning: An input array is constant; the correlation coefficient is not defined.
  r_value, p_value = stats.pearsonr(pair_df[c1], pair_df[c2])
C:\Github - MindQ\Mind-Q-V4-BI\backend\phases\07_readiness\impl.py:740: ConstantInputWarning: An input array is constant; the correlation coefficient is not defined.
  r_value, p_value = stats.pearsonr(pair_df[c1], pair_df[c2])
C:\Github - MindQ\Mind-Q-V4-BI\backend\phases\07_readiness\impl.py:740: ConstantInputWarning: An input array is constant; the correlation coefficient is not defined.
  r_value, p_value = stats.pearsonr(pair_df[c1], pair_df[c2])
C:\Github - MindQ\Mind-Q-V4-BI\backend\phases\07_readiness\impl.py:740: ConstantInputWarning: An input array is constant; the correlation coefficient is not defined.
  r_value, p_value = stats.pearsonr(pair_df[c1], pair_df[c2])
C:\Github - MindQ\Mind-Q-V4-BI\backend\phases\07_readiness\impl.py:740: ConstantInputWarning: An input array is constant; the correlation coefficient is not defined.
  r_value, p_value = stats.pearsonr(pair_df[c1], pair_df[c2])
C:\Github - MindQ\Mind-Q-V4-BI\backend\phases\07_readiness\impl.py:740: ConstantInputWarning: An input array is constant; the correlation coefficient is not defined.
  r_value, p_value = stats.pearsonr(pair_df[c1], pair_df[c2])
C:\Github - MindQ\Mind-Q-V4-BI\backend\phases\07_readiness\impl.py:740: ConstantInputWarning: An input array is constant; the correlation coefficient is not defined.
  r_value, p_value = stats.pearsonr(pair_df[c1], pair_df[c2])
C:\Github - MindQ\Mind-Q-V4-BI\backend\phases\07_readiness\impl.py:740: ConstantInputWarning: An input array is constant; the correlation coefficient is not defined.
  r_value, p_value = stats.pearsonr(pair_df[c1], pair_df[c2])
C:\Github - MindQ\Mind-Q-V4-BI\backend\phases\07_readiness\impl.py:740: ConstantInputWarning: An input array is constant; the correlation coefficient is not defined.
  r_value, p_value = stats.pearsonr(pair_df[c1], pair_df[c2])
C:\Github - MindQ\Mind-Q-V4-BI\backend\phases\07_readiness\impl.py:740: ConstantInputWarning: An input array is constant; the correlation coefficient is not defined.
  r_value, p_value = stats.pearsonr(pair_df[c1], pair_df[c2])
C:\Github - MindQ\Mind-Q-V4-BI\backend\phases\07_readiness\impl.py:740: ConstantInputWarning: An input array is constant; the correlation coefficient is not defined.
  r_value, p_value = stats.pearsonr(pair_df[c1], pair_df[c2])
C:\Github - MindQ\Mind-Q-V4-BI\backend\phases\07_readiness\impl.py:740: ConstantInputWarning: An input array is constant; the correlation coefficient is not defined.
  r_value, p_value = stats.pearsonr(pair_df[c1], pair_df[c2])
C:\Github - MindQ\Mind-Q-V4-BI\backend\phases\07_readiness\impl.py:740: ConstantInputWarning: An input array is constant; the correlation coefficient is not defined.
  r_value, p_value = stats.pearsonr(pair_df[c1], pair_df[c2])
C:\Github - MindQ\Mind-Q-V4-BI\backend\phases\07_readiness\impl.py:740: ConstantInputWarning: An input array is constant; the correlation coefficient is not defined.
  r_value, p_value = stats.pearsonr(pair_df[c1], pair_df[c2])
C:\Github - MindQ\Mind-Q-V4-BI\backend\phases\07_readiness\impl.py:740: ConstantInputWarning: An input array is constant; the correlation coefficient is not defined.
  r_value, p_value = stats.pearsonr(pair_df[c1], pair_df[c2])
C:\Github - MindQ\Mind-Q-V4-BI\backend\phases\07_readiness\impl.py:740: ConstantInputWarning: An input array is constant; the correlation coefficient is not defined.
  r_value, p_value = stats.pearsonr(pair_df[c1], pair_df[c2])
C:\Github - MindQ\Mind-Q-V4-BI\backend\phases\07_readiness\impl.py:740: ConstantInputWarning: An input array is constant; the correlation coefficient is not defined.
  r_value, p_value = stats.pearsonr(pair_df[c1], pair_df[c2])
C:\Github - MindQ\Mind-Q-V4-BI\backend\phases\07_readiness\impl.py:740: ConstantInputWarning: An input array is constant; the correlation coefficient is not defined.
  r_value, p_value = stats.pearsonr(pair_df[c1], pair_df[c2])
C:\Github - MindQ\Mind-Q-V4-BI\backend\phases\07_readiness\impl.py:740: ConstantInputWarning: An input array is constant; the correlation coefficient is not defined.
  r_value, p_value = stats.pearsonr(pair_df[c1], pair_df[c2])
C:\Github - MindQ\Mind-Q-V4-BI\backend\phases\07_readiness\impl.py:740: ConstantInputWarning: An input array is constant; the correlation coefficient is not defined.
  r_value, p_value = stats.pearsonr(pair_df[c1], pair_df[c2])
C:\Github - MindQ\Mind-Q-V4-BI\backend\phases\07_readiness\impl.py:740: ConstantInputWarning: An input array is constant; the correlation coefficient is not defined.
  r_value, p_value = stats.pearsonr(pair_df[c1], pair_df[c2])
C:\Github - MindQ\Mind-Q-V4-BI\backend\phases\07_readiness\impl.py:740: ConstantInputWarning: An input array is constant; the correlation coefficient is not defined.
  r_value, p_value = stats.pearsonr(pair_df[c1], pair_df[c2])
C:\Github - MindQ\Mind-Q-V4-BI\backend\phases\07_readiness\impl.py:740: ConstantInputWarning: An input array is constant; the correlation coefficient is not defined.
  r_value, p_value = stats.pearsonr(pair_df[c1], pair_df[c2])
C:\Github - MindQ\Mind-Q-V4-BI\backend\phases\07_readiness\impl.py:740: ConstantInputWarning: An input array is constant; the correlation coefficient is not defined.
  r_value, p_value = stats.pearsonr(pair_df[c1], pair_df[c2])
C:\Github - MindQ\Mind-Q-V4-BI\backend\phases\07_readiness\impl.py:740: ConstantInputWarning: An input array is constant; the correlation coefficient is not defined.
  r_value, p_value = stats.pearsonr(pair_df[c1], pair_df[c2])
C:\Github - MindQ\Mind-Q-V4-BI\backend\phases\07_readiness\impl.py:740: ConstantInputWarning: An input array is constant; the correlation coefficient is not defined.
  r_value, p_value = stats.pearsonr(pair_df[c1], pair_df[c2])
C:\Github - MindQ\Mind-Q-V4-BI\backend\phases\07_readiness\impl.py:740: ConstantInputWarning: An input array is constant; the correlation coefficient is not defined.
  r_value, p_value = stats.pearsonr(pair_df[c1], pair_df[c2])
C:\Github - MindQ\Mind-Q-V4-BI\backend\phases\07_readiness\impl.py:740: ConstantInputWarning: An input array is constant; the correlation coefficient is not defined.
  r_value, p_value = stats.pearsonr(pair_df[c1], pair_df[c2])
C:\Github - MindQ\Mind-Q-V4-BI\backend\phases\07_readiness\impl.py:740: ConstantInputWarning: An input array is constant; the correlation coefficient is not defined.
  r_value, p_value = stats.pearsonr(pair_df[c1], pair_df[c2])
C:\Github - MindQ\Mind-Q-V4-BI\backend\phases\07_readiness\impl.py:740: ConstantInputWarning: An input array is constant; the correlation coefficient is not defined.
  r_value, p_value = stats.pearsonr(pair_df[c1], pair_df[c2])
C:\Github - MindQ\Mind-Q-V4-BI\backend\phases\07_readiness\impl.py:740: ConstantInputWarning: An input array is constant; the correlation coefficient is not defined.
  r_value, p_value = stats.pearsonr(pair_df[c1], pair_df[c2])
C:\Github - MindQ\Mind-Q-V4-BI\backend\phases\07_readiness\impl.py:740: ConstantInputWarning: An input array is constant; the correlation coefficient is not defined.
  r_value, p_value = stats.pearsonr(pair_df[c1], pair_df[c2])
C:\Github - MindQ\Mind-Q-V4-BI\backend\phases\07_readiness\impl.py:740: ConstantInputWarning: An input array is constant; the correlation coefficient is not defined.
  r_value, p_value = stats.pearsonr(pair_df[c1], pair_df[c2])
C:\Github - MindQ\Mind-Q-V4-BI\backend\phases\07_readiness\impl.py:740: ConstantInputWarning: An input array is constant; the correlation coefficient is not defined.
  r_value, p_value = stats.pearsonr(pair_df[c1], pair_df[c2])
C:\Github - MindQ\Mind-Q-V4-BI\backend\phases\07_readiness\impl.py:740: ConstantInputWarning: An input array is constant; the correlation coefficient is not defined.
  r_value, p_value = stats.pearsonr(pair_df[c1], pair_df[c2])
C:\Github - MindQ\Mind-Q-V4-BI\backend\phases\07_readiness\impl.py:740: ConstantInputWarning: An input array is constant; the correlation coefficient is not defined.
  r_value, p_value = stats.pearsonr(pair_df[c1], pair_df[c2])
C:\Github - MindQ\Mind-Q-V4-BI\backend\phases\07_readiness\impl.py:740: ConstantInputWarning: An input array is constant; the correlation coefficient is not defined.
  r_value, p_value = stats.pearsonr(pair_df[c1], pair_df[c2])
C:\Github - MindQ\Mind-Q-V4-BI\backend\phases\07_readiness\impl.py:740: ConstantInputWarning: An input array is constant; the correlation coefficient is not defined.
  r_value, p_value = stats.pearsonr(pair_df[c1], pair_df[c2])
C:\Github - MindQ\Mind-Q-V4-BI\backend\phases\07_readiness\impl.py:740: ConstantInputWarning: An input array is constant; the correlation coefficient is not defined.
  r_value, p_value = stats.pearsonr(pair_df[c1], pair_df[c2])
C:\Github - MindQ\Mind-Q-V4-BI\backend\phases\07_readiness\impl.py:740: ConstantInputWarning: An input array is constant; the correlation coefficient is not defined.
  r_value, p_value = stats.pearsonr(pair_df[c1], pair_df[c2])
C:\Github - MindQ\Mind-Q-V4-BI\backend\phases\07_readiness\impl.py:740: ConstantInputWarning: An input array is constant; the correlation coefficient is not defined.
  r_value, p_value = stats.pearsonr(pair_df[c1], pair_df[c2])
C:\Github - MindQ\Mind-Q-V4-BI\backend\phases\07_readiness\impl.py:740: ConstantInputWarning: An input array is constant; the correlation coefficient is not defined.
  r_value, p_value = stats.pearsonr(pair_df[c1], pair_df[c2])
C:\Github - MindQ\Mind-Q-V4-BI\backend\phases\07_readiness\impl.py:740: ConstantInputWarning: An input array is constant; the correlation coefficient is not defined.
  r_value, p_value = stats.pearsonr(pair_df[c1], pair_df[c2])
C:\Github - MindQ\Mind-Q-V4-BI\backend\phases\07_readiness\impl.py:740: ConstantInputWarning: An input array is constant; the correlation coefficient is not defined.
  r_value, p_value = stats.pearsonr(pair_df[c1], pair_df[c2])
C:\Github - MindQ\Mind-Q-V4-BI\backend\phases\07_readiness\impl.py:740: ConstantInputWarning: An input array is constant; the correlation coefficient is not defined.
  r_value, p_value = stats.pearsonr(pair_df[c1], pair_df[c2])
C:\Github - MindQ\Mind-Q-V4-BI\backend\phases\07_readiness\impl.py:740: ConstantInputWarning: An input array is constant; the correlation coefficient is not defined.
  r_value, p_value = stats.pearsonr(pair_df[c1], pair_df[c2])
C:\Github - MindQ\Mind-Q-V4-BI\backend\phases\07_readiness\impl.py:740: ConstantInputWarning: An input array is constant; the correlation coefficient is not defined.
  r_value, p_value = stats.pearsonr(pair_df[c1], pair_df[c2])
C:\Github - MindQ\Mind-Q-V4-BI\backend\phases\07_readiness\impl.py:740: ConstantInputWarning: An input array is constant; the correlation coefficient is not defined.
  r_value, p_value = stats.pearsonr(pair_df[c1], pair_df[c2])
C:\Github - MindQ\Mind-Q-V4-BI\backend\phases\07_readiness\impl.py:740: ConstantInputWarning: An input array is constant; the correlation coefficient is not defined.
  r_value, p_value = stats.pearsonr(pair_df[c1], pair_df[c2])
C:\Github - MindQ\Mind-Q-V4-BI\backend\phases\07_readiness\impl.py:740: ConstantInputWarning: An input array is constant; the correlation coefficient is not defined.
  r_value, p_value = stats.pearsonr(pair_df[c1], pair_df[c2])
C:\Github - MindQ\Mind-Q-V4-BI\backend\phases\07_readiness\impl.py:740: ConstantInputWarning: An input array is constant; the correlation coefficient is not defined.
  r_value, p_value = stats.pearsonr(pair_df[c1], pair_df[c2])
C:\Github - MindQ\Mind-Q-V4-BI\backend\phases\07_readiness\impl.py:740: ConstantInputWarning: An input array is constant; the correlation coefficient is not defined.
  r_value, p_value = stats.pearsonr(pair_df[c1], pair_df[c2])
C:\Github - MindQ\Mind-Q-V4-BI\backend\phases\07_readiness\impl.py:740: ConstantInputWarning: An input array is constant; the correlation coefficient is not defined.
  r_value, p_value = stats.pearsonr(pair_df[c1], pair_df[c2])
C:\Github - MindQ\Mind-Q-V4-BI\backend\phases\07_readiness\impl.py:740: ConstantInputWarning: An input array is constant; the correlation coefficient is not defined.
  r_value, p_value = stats.pearsonr(pair_df[c1], pair_df[c2])
C:\Github - MindQ\Mind-Q-V4-BI\backend\phases\07_readiness\impl.py:740: ConstantInputWarning: An input array is constant; the correlation coefficient is not defined.
  r_value, p_value = stats.pearsonr(pair_df[c1], pair_df[c2])
C:\Github - MindQ\Mind-Q-V4-BI\backend\phases\07_readiness\impl.py:740: ConstantInputWarning: An input array is constant; the correlation coefficient is not defined.
  r_value, p_value = stats.pearsonr(pair_df[c1], pair_df[c2])
C:\Github - MindQ\Mind-Q-V4-BI\backend\phases\07_readiness\impl.py:740: ConstantInputWarning: An input array is constant; the correlation coefficient is not defined.
  r_value, p_value = stats.pearsonr(pair_df[c1], pair_df[c2])
C:\Github - MindQ\Mind-Q-V4-BI\backend\phases\07_readiness\impl.py:740: ConstantInputWarning: An input array is constant; the correlation coefficient is not defined.
  r_value, p_value = stats.pearsonr(pair_df[c1], pair_df[c2])
C:\Github - MindQ\Mind-Q-V4-BI\backend\phases\07_readiness\impl.py:740: ConstantInputWarning: An input array is constant; the correlation coefficient is not defined.
  r_value, p_value = stats.pearsonr(pair_df[c1], pair_df[c2])
C:\Github - MindQ\Mind-Q-V4-BI\backend\phases\07_readiness\impl.py:740: ConstantInputWarning: An input array is constant; the correlation coefficient is not defined.
  r_value, p_value = stats.pearsonr(pair_df[c1], pair_df[c2])
C:\Github - MindQ\Mind-Q-V4-BI\backend\phases\07_readiness\impl.py:740: ConstantInputWarning: An input array is constant; the correlation coefficient is not defined.
  r_value, p_value = stats.pearsonr(pair_df[c1], pair_df[c2])
C:\Github - MindQ\Mind-Q-V4-BI\backend\phases\07_readiness\impl.py:740: ConstantInputWarning: An input array is constant; the correlation coefficient is not defined.
  r_value, p_value = stats.pearsonr(pair_df[c1], pair_df[c2])
C:\Github - MindQ\Mind-Q-V4-BI\backend\phases\07_readiness\impl.py:740: ConstantInputWarning: An input array is constant; the correlation coefficient is not defined.
  r_value, p_value = stats.pearsonr(pair_df[c1], pair_df[c2])
C:\Github - MindQ\Mind-Q-V4-BI\backend\phases\07_readiness\impl.py:740: ConstantInputWarning: An input array is constant; the correlation coefficient is not defined.
  r_value, p_value = stats.pearsonr(pair_df[c1], pair_df[c2])
C:\Github - MindQ\Mind-Q-V4-BI\backend\phases\07_readiness\impl.py:740: ConstantInputWarning: An input array is constant; the correlation coefficient is not defined.
  r_value, p_value = stats.pearsonr(pair_df[c1], pair_df[c2])
C:\Github - MindQ\Mind-Q-V4-BI\backend\phases\07_readiness\impl.py:740: ConstantInputWarning: An input array is constant; the correlation coefficient is not defined.
  r_value, p_value = stats.pearsonr(pair_df[c1], pair_df[c2])
C:\Github - MindQ\Mind-Q-V4-BI\backend\phases\07_readiness\impl.py:740: ConstantInputWarning: An input array is constant; the correlation coefficient is not defined.
  r_value, p_value = stats.pearsonr(pair_df[c1], pair_df[c2])
C:\Github - MindQ\Mind-Q-V4-BI\backend\phases\07_readiness\impl.py:740: ConstantInputWarning: An input array is constant; the correlation coefficient is not defined.
  r_value, p_value = stats.pearsonr(pair_df[c1], pair_df[c2])
C:\Github - MindQ\Mind-Q-V4-BI\backend\phases\07_readiness\impl.py:740: ConstantInputWarning: An input array is constant; the correlation coefficient is not defined.
  r_value, p_value = stats.pearsonr(pair_df[c1], pair_df[c2])
C:\Github - MindQ\Mind-Q-V4-BI\backend\phases\07_readiness\impl.py:740: ConstantInputWarning: An input array is constant; the correlation coefficient is not defined.
  r_value, p_value = stats.pearsonr(pair_df[c1], pair_df[c2])
C:\Github - MindQ\Mind-Q-V4-BI\backend\phases\07_readiness\impl.py:740: ConstantInputWarning: An input array is constant; the correlation coefficient is not defined.
  r_value, p_value = stats.pearsonr(pair_df[c1], pair_df[c2])
C:\Github - MindQ\Mind-Q-V4-BI\backend\phases\07_readiness\impl.py:740: ConstantInputWarning: An input array is constant; the correlation coefficient is not defined.
  r_value, p_value = stats.pearsonr(pair_df[c1], pair_df[c2])
C:\Github - MindQ\Mind-Q-V4-BI\backend\phases\07_readiness\impl.py:740: ConstantInputWarning: An input array is constant; the correlation coefficient is not defined.
  r_value, p_value = stats.pearsonr(pair_df[c1], pair_df[c2])
C:\Github - MindQ\Mind-Q-V4-BI\backend\phases\07_readiness\impl.py:740: ConstantInputWarning: An input array is constant; the correlation coefficient is not defined.
  r_value, p_value = stats.pearsonr(pair_df[c1], pair_df[c2])
C:\Github - MindQ\Mind-Q-V4-BI\backend\phases\07_readiness\impl.py:740: ConstantInputWarning: An input array is constant; the correlation coefficient is not defined.
  r_value, p_value = stats.pearsonr(pair_df[c1], pair_df[c2])
C:\Github - MindQ\Mind-Q-V4-BI\backend\phases\07_readiness\impl.py:740: ConstantInputWarning: An input array is constant; the correlation coefficient is not defined.
  r_value, p_value = stats.pearsonr(pair_df[c1], pair_df[c2])
C:\Github - MindQ\Mind-Q-V4-BI\backend\phases\07_readiness\impl.py:740: ConstantInputWarning: An input array is constant; the correlation coefficient is not defined.
  r_value, p_value = stats.pearsonr(pair_df[c1], pair_df[c2])
C:\Github - MindQ\Mind-Q-V4-BI\backend\phases\07_readiness\impl.py:740: ConstantInputWarning: An input array is constant; the correlation coefficient is not defined.
  r_value, p_value = stats.pearsonr(pair_df[c1], pair_df[c2])
C:\Github - MindQ\Mind-Q-V4-BI\backend\phases\07_readiness\impl.py:740: ConstantInputWarning: An input array is constant; the correlation coefficient is not defined.
  r_value, p_value = stats.pearsonr(pair_df[c1], pair_df[c2])
C:\Github - MindQ\Mind-Q-V4-BI\backend\phases\07_readiness\impl.py:740: ConstantInputWarning: An input array is constant; the correlation coefficient is not defined.
  r_value, p_value = stats.pearsonr(pair_df[c1], pair_df[c2])
C:\Github - MindQ\Mind-Q-V4-BI\backend\phases\07_readiness\impl.py:740: ConstantInputWarning: An input array is constant; the correlation coefficient is not defined.
  r_value, p_value = stats.pearsonr(pair_df[c1], pair_df[c2])
C:\Github - MindQ\Mind-Q-V4-BI\backend\phases\07_readiness\impl.py:740: ConstantInputWarning: An input array is constant; the correlation coefficient is not defined.
  r_value, p_value = stats.pearsonr(pair_df[c1], pair_df[c2])
C:\Github - MindQ\Mind-Q-V4-BI\backend\phases\07_readiness\impl.py:740: ConstantInputWarning: An input array is constant; the correlation coefficient is not defined.
  r_value, p_value = stats.pearsonr(pair_df[c1], pair_df[c2])
C:\Github - MindQ\Mind-Q-V4-BI\backend\phases\07_readiness\impl.py:740: ConstantInputWarning: An input array is constant; the correlation coefficient is not defined.
  r_value, p_value = stats.pearsonr(pair_df[c1], pair_df[c2])
C:\Github - MindQ\Mind-Q-V4-BI\backend\phases\07_readiness\impl.py:740: ConstantInputWarning: An input array is constant; the correlation coefficient is not defined.
  r_value, p_value = stats.pearsonr(pair_df[c1], pair_df[c2])
C:\Github - MindQ\Mind-Q-V4-BI\backend\phases\07_readiness\impl.py:740: ConstantInputWarning: An input array is constant; the correlation coefficient is not defined.
  r_value, p_value = stats.pearsonr(pair_df[c1], pair_df[c2])
C:\Github - MindQ\Mind-Q-V4-BI\backend\phases\07_readiness\impl.py:740: ConstantInputWarning: An input array is constant; the correlation coefficient is not defined.
  r_value, p_value = stats.pearsonr(pair_df[c1], pair_df[c2])
C:\Github - MindQ\Mind-Q-V4-BI\backend\phases\07_readiness\impl.py:740: ConstantInputWarning: An input array is constant; the correlation coefficient is not defined.
  r_value, p_value = stats.pearsonr(pair_df[c1], pair_df[c2])
C:\Github - MindQ\Mind-Q-V4-BI\backend\phases\07_readiness\impl.py:740: ConstantInputWarning: An input array is constant; the correlation coefficient is not defined.
  r_value, p_value = stats.pearsonr(pair_df[c1], pair_df[c2])
C:\Github - MindQ\Mind-Q-V4-BI\backend\phases\07_readiness\impl.py:740: ConstantInputWarning: An input array is constant; the correlation coefficient is not defined.
  r_value, p_value = stats.pearsonr(pair_df[c1], pair_df[c2])
C:\Github - MindQ\Mind-Q-V4-BI\backend\phases\07_readiness\impl.py:740: ConstantInputWarning: An input array is constant; the correlation coefficient is not defined.
  r_value, p_value = stats.pearsonr(pair_df[c1], pair_df[c2])
C:\Github - MindQ\Mind-Q-V4-BI\backend\phases\07_readiness\impl.py:740: ConstantInputWarning: An input array is constant; the correlation coefficient is not defined.
  r_value, p_value = stats.pearsonr(pair_df[c1], pair_df[c2])
C:\Github - MindQ\Mind-Q-V4-BI\backend\phases\07_readiness\impl.py:740: ConstantInputWarning: An input array is constant; the correlation coefficient is not defined.
  r_value, p_value = stats.pearsonr(pair_df[c1], pair_df[c2])
C:\Github - MindQ\Mind-Q-V4-BI\backend\phases\07_readiness\impl.py:740: ConstantInputWarning: An input array is constant; the correlation coefficient is not defined.
  r_value, p_value = stats.pearsonr(pair_df[c1], pair_df[c2])
C:\Github - MindQ\Mind-Q-V4-BI\backend\phases\07_readiness\impl.py:740: ConstantInputWarning: An input array is constant; the correlation coefficient is not defined.
  r_value, p_value = stats.pearsonr(pair_df[c1], pair_df[c2])
C:\Github - MindQ\Mind-Q-V4-BI\backend\phases\07_readiness\impl.py:740: ConstantInputWarning: An input array is constant; the correlation coefficient is not defined.
  r_value, p_value = stats.pearsonr(pair_df[c1], pair_df[c2])
C:\Github - MindQ\Mind-Q-V4-BI\backend\phases\07_readiness\impl.py:740: ConstantInputWarning: An input array is constant; the correlation coefficient is not defined.
  r_value, p_value = stats.pearsonr(pair_df[c1], pair_df[c2])
C:\Github - MindQ\Mind-Q-V4-BI\backend\phases\07_readiness\impl.py:740: ConstantInputWarning: An input array is constant; the correlation coefficient is not defined.
  r_value, p_value = stats.pearsonr(pair_df[c1], pair_df[c2])
C:\Github - MindQ\Mind-Q-V4-BI\backend\phases\07_readiness\impl.py:740: ConstantInputWarning: An input array is constant; the correlation coefficient is not defined.
  r_value, p_value = stats.pearsonr(pair_df[c1], pair_df[c2])
C:\Github - MindQ\Mind-Q-V4-BI\backend\phases\07_readiness\impl.py:740: ConstantInputWarning: An input array is constant; the correlation coefficient is not defined.
  r_value, p_value = stats.pearsonr(pair_df[c1], pair_df[c2])
C:\Github - MindQ\Mind-Q-V4-BI\backend\phases\07_readiness\impl.py:740: ConstantInputWarning: An input array is constant; the correlation coefficient is not defined.
  r_value, p_value = stats.pearsonr(pair_df[c1], pair_df[c2])
C:\Github - MindQ\Mind-Q-V4-BI\backend\phases\07_readiness\impl.py:740: ConstantInputWarning: An input array is constant; the correlation coefficient is not defined.
  r_value, p_value = stats.pearsonr(pair_df[c1], pair_df[c2])
C:\Github - MindQ\Mind-Q-V4-BI\backend\phases\07_readiness\impl.py:740: ConstantInputWarning: An input array is constant; the correlation coefficient is not defined.
  r_value, p_value = stats.pearsonr(pair_df[c1], pair_df[c2])
C:\Github - MindQ\Mind-Q-V4-BI\backend\phases\07_readiness\impl.py:740: ConstantInputWarning: An input array is constant; the correlation coefficient is not defined.
  r_value, p_value = stats.pearsonr(pair_df[c1], pair_df[c2])
C:\Github - MindQ\Mind-Q-V4-BI\backend\phases\07_readiness\impl.py:740: ConstantInputWarning: An input array is constant; the correlation coefficient is not defined.
  r_value, p_value = stats.pearsonr(pair_df[c1], pair_df[c2])
C:\Github - MindQ\Mind-Q-V4-BI\backend\phases\07_readiness\impl.py:740: ConstantInputWarning: An input array is constant; the correlation coefficient is not defined.
  r_value, p_value = stats.pearsonr(pair_df[c1], pair_df[c2])
C:\Github - MindQ\Mind-Q-V4-BI\backend\phases\07_readiness\impl.py:740: ConstantInputWarning: An input array is constant; the correlation coefficient is not defined.
  r_value, p_value = stats.pearsonr(pair_df[c1], pair_df[c2])
C:\Github - MindQ\Mind-Q-V4-BI\backend\phases\07_readiness\impl.py:740: ConstantInputWarning: An input array is constant; the correlation coefficient is not defined.
  r_value, p_value = stats.pearsonr(pair_df[c1], pair_df[c2])
C:\Github - MindQ\Mind-Q-V4-BI\backend\phases\07_readiness\impl.py:740: ConstantInputWarning: An input array is constant; the correlation coefficient is not defined.
  r_value, p_value = stats.pearsonr(pair_df[c1], pair_df[c2])
C:\Github - MindQ\Mind-Q-V4-BI\backend\phases\07_readiness\impl.py:740: ConstantInputWarning: An input array is constant; the correlation coefficient is not defined.
  r_value, p_value = stats.pearsonr(pair_df[c1], pair_df[c2])
C:\Github - MindQ\Mind-Q-V4-BI\backend\phases\07_readiness\impl.py:740: ConstantInputWarning: An input array is constant; the correlation coefficient is not defined.
  r_value, p_value = stats.pearsonr(pair_df[c1], pair_df[c2])
C:\Github - MindQ\Mind-Q-V4-BI\backend\phases\07_readiness\impl.py:740: ConstantInputWarning: An input array is constant; the correlation coefficient is not defined.
  r_value, p_value = stats.pearsonr(pair_df[c1], pair_df[c2])
C:\Github - MindQ\Mind-Q-V4-BI\backend\phases\07_readiness\impl.py:740: ConstantInputWarning: An input array is constant; the correlation coefficient is not defined.
  r_value, p_value = stats.pearsonr(pair_df[c1], pair_df[c2])
C:\Github - MindQ\Mind-Q-V4-BI\backend\phases\07_readiness\impl.py:740: ConstantInputWarning: An input array is constant; the correlation coefficient is not defined.
  r_value, p_value = stats.pearsonr(pair_df[c1], pair_df[c2])
C:\Github - MindQ\Mind-Q-V4-BI\backend\phases\07_readiness\impl.py:740: ConstantInputWarning: An input array is constant; the correlation coefficient is not defined.
  r_value, p_value = stats.pearsonr(pair_df[c1], pair_df[c2])
C:\Github - MindQ\Mind-Q-V4-BI\backend\phases\07_readiness\impl.py:740: ConstantInputWarning: An input array is constant; the correlation coefficient is not defined.
  r_value, p_value = stats.pearsonr(pair_df[c1], pair_df[c2])
C:\Github - MindQ\Mind-Q-V4-BI\backend\phases\07_readiness\impl.py:740: ConstantInputWarning: An input array is constant; the correlation coefficient is not defined.
  r_value, p_value = stats.pearsonr(pair_df[c1], pair_df[c2])
C:\Github - MindQ\Mind-Q-V4-BI\backend\phases\07_readiness\impl.py:740: ConstantInputWarning: An input array is constant; the correlation coefficient is not defined.
  r_value, p_value = stats.pearsonr(pair_df[c1], pair_df[c2])
C:\Github - MindQ\Mind-Q-V4-BI\backend\phases\07_readiness\impl.py:740: ConstantInputWarning: An input array is constant; the correlation coefficient is not defined.
  r_value, p_value = stats.pearsonr(pair_df[c1], pair_df[c2])
C:\Github - MindQ\Mind-Q-V4-BI\backend\phases\07_readiness\impl.py:740: ConstantInputWarning: An input array is constant; the correlation coefficient is not defined.
  r_value, p_value = stats.pearsonr(pair_df[c1], pair_df[c2])
C:\Github - MindQ\Mind-Q-V4-BI\backend\phases\07_readiness\impl.py:740: ConstantInputWarning: An input array is constant; the correlation coefficient is not defined.
  r_value, p_value = stats.pearsonr(pair_df[c1], pair_df[c2])
C:\Github - MindQ\Mind-Q-V4-BI\backend\phases\07_readiness\impl.py:740: ConstantInputWarning: An input array is constant; the correlation coefficient is not defined.
  r_value, p_value = stats.pearsonr(pair_df[c1], pair_df[c2])
C:\Github - MindQ\Mind-Q-V4-BI\backend\phases\07_readiness\impl.py:740: ConstantInputWarning: An input array is constant; the correlation coefficient is not defined.
  r_value, p_value = stats.pearsonr(pair_df[c1], pair_df[c2])
C:\Github - MindQ\Mind-Q-V4-BI\backend\phases\07_readiness\impl.py:740: ConstantInputWarning: An input array is constant; the correlation coefficient is not defined.
  r_value, p_value = stats.pearsonr(pair_df[c1], pair_df[c2])
C:\Github - MindQ\Mind-Q-V4-BI\backend\phases\07_readiness\impl.py:740: ConstantInputWarning: An input array is constant; the correlation coefficient is not defined.
  r_value, p_value = stats.pearsonr(pair_df[c1], pair_df[c2])
C:\Github - MindQ\Mind-Q-V4-BI\backend\phases\07_readiness\impl.py:740: ConstantInputWarning: An input array is constant; the correlation coefficient is not defined.
  r_value, p_value = stats.pearsonr(pair_df[c1], pair_df[c2])
C:\Github - MindQ\Mind-Q-V4-BI\backend\phases\07_readiness\impl.py:740: ConstantInputWarning: An input array is constant; the correlation coefficient is not defined.
  r_value, p_value = stats.pearsonr(pair_df[c1], pair_df[c2])
C:\Github - MindQ\Mind-Q-V4-BI\backend\phases\07_readiness\impl.py:740: ConstantInputWarning: An input array is constant; the correlation coefficient is not defined.
  r_value, p_value = stats.pearsonr(pair_df[c1], pair_df[c2])
C:\Github - MindQ\Mind-Q-V4-BI\backend\phases\07_readiness\impl.py:740: ConstantInputWarning: An input array is constant; the correlation coefficient is not defined.
  r_value, p_value = stats.pearsonr(pair_df[c1], pair_df[c2])
C:\Github - MindQ\Mind-Q-V4-BI\backend\phases\07_readiness\impl.py:740: ConstantInputWarning: An input array is constant; the correlation coefficient is not defined.
  r_value, p_value = stats.pearsonr(pair_df[c1], pair_df[c2])
C:\Github - MindQ\Mind-Q-V4-BI\backend\phases\07_readiness\impl.py:740: ConstantInputWarning: An input array is constant; the correlation coefficient is not defined.
  r_value, p_value = stats.pearsonr(pair_df[c1], pair_df[c2])
C:\Github - MindQ\Mind-Q-V4-BI\backend\phases\07_readiness\impl.py:740: ConstantInputWarning: An input array is constant; the correlation coefficient is not defined.
  r_value, p_value = stats.pearsonr(pair_df[c1], pair_df[c2])
C:\Github - MindQ\Mind-Q-V4-BI\backend\phases\07_readiness\impl.py:740: ConstantInputWarning: An input array is constant; the correlation coefficient is not defined.
  r_value, p_value = stats.pearsonr(pair_df[c1], pair_df[c2])
C:\Github - MindQ\Mind-Q-V4-BI\backend\phases\07_readiness\impl.py:740: ConstantInputWarning: An input array is constant; the correlation coefficient is not defined.
  r_value, p_value = stats.pearsonr(pair_df[c1], pair_df[c2])
C:\Github - MindQ\Mind-Q-V4-BI\backend\phases\07_readiness\impl.py:740: ConstantInputWarning: An input array is constant; the correlation coefficient is not defined.
  r_value, p_value = stats.pearsonr(pair_df[c1], pair_df[c2])
C:\Github - MindQ\Mind-Q-V4-BI\backend\phases\07_readiness\impl.py:740: ConstantInputWarning: An input array is constant; the correlation coefficient is not defined.
  r_value, p_value = stats.pearsonr(pair_df[c1], pair_df[c2])
C:\Github - MindQ\Mind-Q-V4-BI\backend\phases\07_readiness\impl.py:740: ConstantInputWarning: An input array is constant; the correlation coefficient is not defined.
  r_value, p_value = stats.pearsonr(pair_df[c1], pair_df[c2])
C:\Github - MindQ\Mind-Q-V4-BI\backend\phases\07_readiness\impl.py:740: ConstantInputWarning: An input array is constant; the correlation coefficient is not defined.
  r_value, p_value = stats.pearsonr(pair_df[c1], pair_df[c2])
C:\Github - MindQ\Mind-Q-V4-BI\backend\phases\07_readiness\impl.py:740: ConstantInputWarning: An input array is constant; the correlation coefficient is not defined.
  r_value, p_value = stats.pearsonr(pair_df[c1], pair_df[c2])
C:\Github - MindQ\Mind-Q-V4-BI\backend\phases\07_readiness\impl.py:740: ConstantInputWarning: An input array is constant; the correlation coefficient is not defined.
  r_value, p_value = stats.pearsonr(pair_df[c1], pair_df[c2])
C:\Github - MindQ\Mind-Q-V4-BI\backend\phases\07_readiness\impl.py:740: ConstantInputWarning: An input array is constant; the correlation coefficient is not defined.
  r_value, p_value = stats.pearsonr(pair_df[c1], pair_df[c2])
C:\Github - MindQ\Mind-Q-V4-BI\backend\phases\07_readiness\impl.py:740: ConstantInputWarning: An input array is constant; the correlation coefficient is not defined.
  r_value, p_value = stats.pearsonr(pair_df[c1], pair_df[c2])
C:\Github - MindQ\Mind-Q-V4-BI\backend\phases\07_readiness\impl.py:740: ConstantInputWarning: An input array is constant; the correlation coefficient is not defined.
  r_value, p_value = stats.pearsonr(pair_df[c1], pair_df[c2])
C:\Github - MindQ\Mind-Q-V4-BI\backend\phases\07_readiness\impl.py:740: ConstantInputWarning: An input array is constant; the correlation coefficient is not defined.
  r_value, p_value = stats.pearsonr(pair_df[c1], pair_df[c2])
C:\Github - MindQ\Mind-Q-V4-BI\backend\phases\07_readiness\impl.py:740: ConstantInputWarning: An input array is constant; the correlation coefficient is not defined.
  r_value, p_value = stats.pearsonr(pair_df[c1], pair_df[c2])
C:\Github - MindQ\Mind-Q-V4-BI\backend\phases\07_readiness\impl.py:740: ConstantInputWarning: An input array is constant; the correlation coefficient is not defined.
  r_value, p_value = stats.pearsonr(pair_df[c1], pair_df[c2])
C:\Github - MindQ\Mind-Q-V4-BI\backend\phases\07_readiness\impl.py:740: ConstantInputWarning: An input array is constant; the correlation coefficient is not defined.
  r_value, p_value = stats.pearsonr(pair_df[c1], pair_df[c2])
C:\Github - MindQ\Mind-Q-V4-BI\backend\phases\07_readiness\impl.py:740: ConstantInputWarning: An input array is constant; the correlation coefficient is not defined.
  r_value, p_value = stats.pearsonr(pair_df[c1], pair_df[c2])
C:\Github - MindQ\Mind-Q-V4-BI\backend\phases\07_readiness\impl.py:740: ConstantInputWarning: An input array is constant; the correlation coefficient is not defined.
  r_value, p_value = stats.pearsonr(pair_df[c1], pair_df[c2])
C:\Github - MindQ\Mind-Q-V4-BI\backend\phases\07_readiness\impl.py:740: ConstantInputWarning: An input array is constant; the correlation coefficient is not defined.
  r_value, p_value = stats.pearsonr(pair_df[c1], pair_df[c2])
C:\Github - MindQ\Mind-Q-V4-BI\backend\phases\07_readiness\impl.py:740: ConstantInputWarning: An input array is constant; the correlation coefficient is not defined.
  r_value, p_value = stats.pearsonr(pair_df[c1], pair_df[c2])
C:\Github - MindQ\Mind-Q-V4-BI\backend\phases\07_readiness\impl.py:740: ConstantInputWarning: An input array is constant; the correlation coefficient is not defined.
  r_value, p_value = stats.pearsonr(pair_df[c1], pair_df[c2])
C:\Github - MindQ\Mind-Q-V4-BI\backend\phases\07_readiness\impl.py:740: ConstantInputWarning: An input array is constant; the correlation coefficient is not defined.
  r_value, p_value = stats.pearsonr(pair_df[c1], pair_df[c2])
C:\Github - MindQ\Mind-Q-V4-BI\backend\phases\07_readiness\impl.py:740: ConstantInputWarning: An input array is constant; the correlation coefficient is not defined.
  r_value, p_value = stats.pearsonr(pair_df[c1], pair_df[c2])
C:\Github - MindQ\Mind-Q-V4-BI\backend\phases\07_readiness\impl.py:740: ConstantInputWarning: An input array is constant; the correlation coefficient is not defined.
  r_value, p_value = stats.pearsonr(pair_df[c1], pair_df[c2])
C:\Github - MindQ\Mind-Q-V4-BI\backend\phases\07_readiness\impl.py:740: ConstantInputWarning: An input array is constant; the correlation coefficient is not defined.
  r_value, p_value = stats.pearsonr(pair_df[c1], pair_df[c2])
C:\Github - MindQ\Mind-Q-V4-BI\backend\phases\07_readiness\impl.py:740: ConstantInputWarning: An input array is constant; the correlation coefficient is not defined.
  r_value, p_value = stats.pearsonr(pair_df[c1], pair_df[c2])
C:\Github - MindQ\Mind-Q-V4-BI\backend\phases\07_readiness\impl.py:740: ConstantInputWarning: An input array is constant; the correlation coefficient is not defined.
  r_value, p_value = stats.pearsonr(pair_df[c1], pair_df[c2])
C:\Github - MindQ\Mind-Q-V4-BI\backend\phases\07_readiness\impl.py:740: ConstantInputWarning: An input array is constant; the correlation coefficient is not defined.
  r_value, p_value = stats.pearsonr(pair_df[c1], pair_df[c2])
C:\Github - MindQ\Mind-Q-V4-BI\backend\phases\07_readiness\impl.py:740: ConstantInputWarning: An input array is constant; the correlation coefficient is not defined.
  r_value, p_value = stats.pearsonr(pair_df[c1], pair_df[c2])
C:\Github - MindQ\Mind-Q-V4-BI\backend\phases\07_readiness\impl.py:740: ConstantInputWarning: An input array is constant; the correlation coefficient is not defined.
  r_value, p_value = stats.pearsonr(pair_df[c1], pair_df[c2])
C:\Github - MindQ\Mind-Q-V4-BI\backend\phases\07_readiness\impl.py:740: ConstantInputWarning: An input array is constant; the correlation coefficient is not defined.
  r_value, p_value = stats.pearsonr(pair_df[c1], pair_df[c2])
C:\Github - MindQ\Mind-Q-V4-BI\backend\phases\07_readiness\impl.py:740: ConstantInputWarning: An input array is constant; the correlation coefficient is not defined.
  r_value, p_value = stats.pearsonr(pair_df[c1], pair_df[c2])
C:\Github - MindQ\Mind-Q-V4-BI\backend\phases\07_readiness\impl.py:740: ConstantInputWarning: An input array is constant; the correlation coefficient is not defined.
  r_value, p_value = stats.pearsonr(pair_df[c1], pair_df[c2])
C:\Github - MindQ\Mind-Q-V4-BI\backend\phases\07_readiness\impl.py:740: ConstantInputWarning: An input array is constant; the correlation coefficient is not defined.
  r_value, p_value = stats.pearsonr(pair_df[c1], pair_df[c2])
C:\Github - MindQ\Mind-Q-V4-BI\backend\phases\07_readiness\impl.py:740: ConstantInputWarning: An input array is constant; the correlation coefficient is not defined.
  r_value, p_value = stats.pearsonr(pair_df[c1], pair_df[c2])
C:\Github - MindQ\Mind-Q-V4-BI\backend\phases\07_readiness\impl.py:740: ConstantInputWarning: An input array is constant; the correlation coefficient is not defined.
  r_value, p_value = stats.pearsonr(pair_df[c1], pair_df[c2])
C:\Github - MindQ\Mind-Q-V4-BI\backend\phases\07_readiness\impl.py:740: ConstantInputWarning: An input array is constant; the correlation coefficient is not defined.
  r_value, p_value = stats.pearsonr(pair_df[c1], pair_df[c2])
C:\Github - MindQ\Mind-Q-V4-BI\backend\phases\07_readiness\impl.py:740: ConstantInputWarning: An input array is constant; the correlation coefficient is not defined.
  r_value, p_value = stats.pearsonr(pair_df[c1], pair_df[c2])
C:\Github - MindQ\Mind-Q-V4-BI\backend\phases\07_readiness\impl.py:740: ConstantInputWarning: An input array is constant; the correlation coefficient is not defined.
  r_value, p_value = stats.pearsonr(pair_df[c1], pair_df[c2])
C:\Github - MindQ\Mind-Q-V4-BI\backend\phases\07_readiness\impl.py:740: ConstantInputWarning: An input array is constant; the correlation coefficient is not defined.
  r_value, p_value = stats.pearsonr(pair_df[c1], pair_df[c2])
C:\Github - MindQ\Mind-Q-V4-BI\backend\phases\07_readiness\impl.py:740: ConstantInputWarning: An input array is constant; the correlation coefficient is not defined.
  r_value, p_value = stats.pearsonr(pair_df[c1], pair_df[c2])
C:\Github - MindQ\Mind-Q-V4-BI\backend\phases\07_readiness\impl.py:740: ConstantInputWarning: An input array is constant; the correlation coefficient is not defined.
  r_value, p_value = stats.pearsonr(pair_df[c1], pair_df[c2])
C:\Github - MindQ\Mind-Q-V4-BI\.venv\lib\site-packages\numpy\lib\_function_base_impl.py:2999: RuntimeWarning: invalid value encountered in divide
  c /= stddev[:, None]
C:\Github - MindQ\Mind-Q-V4-BI\.venv\lib\site-packages\numpy\lib\_function_base_impl.py:3000: RuntimeWarning: invalid value encountered in divide
  c /= stddev[None, :]
C:\Github - MindQ\Mind-Q-V4-BI\backend\phases\07_7_business_correlations\impl.py:167: ConstantInputWarning: An input array is constant; the correlation coefficient is not defined.
  corr_value, p_value = pearsonr(pair[col_a], pair[col_b])
C:\Github - MindQ\Mind-Q-V4-BI\backend\phases\07_7_business_correlations\impl.py:167: ConstantInputWarning: An input array is constant; the correlation coefficient is not defined.
  corr_value, p_value = pearsonr(pair[col_a], pair[col_b])
C:\Github - MindQ\Mind-Q-V4-BI\backend\phases\06_feature_eng\impl.py:236: FutureWarning: Downcasting object dtype arrays on .fillna, .ffill, .bfill is deprecated and will change in a future version. Call result.infer_objects(copy=False) instead. To opt-in to the future behavior, set `pd.set_option('future.no_silent_downcasting', True)`
  baseline = pickup.fillna(schedule)
C:\Github - MindQ\Mind-Q-V4-BI\backend\phases\02_quality\impl.py:204: UserWarning: Could not infer format, so each element will be parsed individually, falling back to `dateutil`. To ensure parsing is consistent and as-expected, please specify a format.
  parsed = pd.to_datetime(series, errors="coerce", utc=True)
C:\Github - MindQ\Mind-Q-V4-BI\backend\phases\02_quality\impl.py:204: UserWarning: Could not infer format, so each element will be parsed individually, falling back to `dateutil`. To ensure parsing is consistent and as-expected, please specify a format.
  parsed = pd.to_datetime(series, errors="coerce", utc=True)
C:\Github - MindQ\Mind-Q-V4-BI\backend\phases\06_feature_eng\impl.py:236: FutureWarning: Downcasting object dtype arrays on .fillna, .ffill, .bfill is deprecated and will change in a future version. Call result.infer_objects(copy=False) instead. To opt-in to the future behavior, set `pd.set_option('future.no_silent_downcasting', True)`
  baseline = pickup.fillna(schedule)
C:\Github - MindQ\Mind-Q-V4-BI\backend\phases\07_readiness\impl.py:740: ConstantInputWarning: An input array is constant; the correlation coefficient is not defined.
  r_value, p_value = stats.pearsonr(pair_df[c1], pair_df[c2])
C:\Github - MindQ\Mind-Q-V4-BI\backend\phases\07_readiness\impl.py:740: ConstantInputWarning: An input array is constant; the correlation coefficient is not defined.
  r_value, p_value = stats.pearsonr(pair_df[c1], pair_df[c2])
C:\Github - MindQ\Mind-Q-V4-BI\backend\phases\07_readiness\impl.py:740: ConstantInputWarning: An input array is constant; the correlation coefficient is not defined.
  r_value, p_value = stats.pearsonr(pair_df[c1], pair_df[c2])
C:\Github - MindQ\Mind-Q-V4-BI\backend\phases\07_readiness\impl.py:740: ConstantInputWarning: An input array is constant; the correlation coefficient is not defined.
  r_value, p_value = stats.pearsonr(pair_df[c1], pair_df[c2])
C:\Github - MindQ\Mind-Q-V4-BI\backend\phases\07_readiness\impl.py:740: ConstantInputWarning: An input array is constant; the correlation coefficient is not defined.
  r_value, p_value = stats.pearsonr(pair_df[c1], pair_df[c2])
C:\Github - MindQ\Mind-Q-V4-BI\backend\phases\07_readiness\impl.py:740: ConstantInputWarning: An input array is constant; the correlation coefficient is not defined.
  r_value, p_value = stats.pearsonr(pair_df[c1], pair_df[c2])
C:\Github - MindQ\Mind-Q-V4-BI\backend\phases\07_readiness\impl.py:740: ConstantInputWarning: An input array is constant; the correlation coefficient is not defined.
  r_value, p_value = stats.pearsonr(pair_df[c1], pair_df[c2])
C:\Github - MindQ\Mind-Q-V4-BI\backend\phases\07_readiness\impl.py:740: ConstantInputWarning: An input array is constant; the correlation coefficient is not defined.
  r_value, p_value = stats.pearsonr(pair_df[c1], pair_df[c2])
C:\Github - MindQ\Mind-Q-V4-BI\backend\phases\07_readiness\impl.py:740: ConstantInputWarning: An input array is constant; the correlation coefficient is not defined.
  r_value, p_value = stats.pearsonr(pair_df[c1], pair_df[c2])
C:\Github - MindQ\Mind-Q-V4-BI\backend\phases\07_readiness\impl.py:740: ConstantInputWarning: An input array is constant; the correlation coefficient is not defined.
  r_value, p_value = stats.pearsonr(pair_df[c1], pair_df[c2])
C:\Github - MindQ\Mind-Q-V4-BI\backend\phases\07_readiness\impl.py:740: ConstantInputWarning: An input array is constant; the correlation coefficient is not defined.
  r_value, p_value = stats.pearsonr(pair_df[c1], pair_df[c2])
C:\Github - MindQ\Mind-Q-V4-BI\backend\phases\07_readiness\impl.py:740: ConstantInputWarning: An input array is constant; the correlation coefficient is not defined.
  r_value, p_value = stats.pearsonr(pair_df[c1], pair_df[c2])
C:\Github - MindQ\Mind-Q-V4-BI\backend\phases\07_readiness\impl.py:740: ConstantInputWarning: An input array is constant; the correlation coefficient is not defined.
  r_value, p_value = stats.pearsonr(pair_df[c1], pair_df[c2])
C:\Github - MindQ\Mind-Q-V4-BI\backend\phases\07_readiness\impl.py:740: ConstantInputWarning: An input array is constant; the correlation coefficient is not defined.
  r_value, p_value = stats.pearsonr(pair_df[c1], pair_df[c2])
C:\Github - MindQ\Mind-Q-V4-BI\backend\phases\07_readiness\impl.py:740: ConstantInputWarning: An input array is constant; the correlation coefficient is not defined.
  r_value, p_value = stats.pearsonr(pair_df[c1], pair_df[c2])
C:\Github - MindQ\Mind-Q-V4-BI\backend\phases\07_readiness\impl.py:740: ConstantInputWarning: An input array is constant; the correlation coefficient is not defined.
  r_value, p_value = stats.pearsonr(pair_df[c1], pair_df[c2])
C:\Github - MindQ\Mind-Q-V4-BI\backend\phases\07_readiness\impl.py:740: ConstantInputWarning: An input array is constant; the correlation coefficient is not defined.
  r_value, p_value = stats.pearsonr(pair_df[c1], pair_df[c2])
C:\Github - MindQ\Mind-Q-V4-BI\backend\phases\07_readiness\impl.py:740: ConstantInputWarning: An input array is constant; the correlation coefficient is not defined.
  r_value, p_value = stats.pearsonr(pair_df[c1], pair_df[c2])
C:\Github - MindQ\Mind-Q-V4-BI\backend\phases\07_readiness\impl.py:740: ConstantInputWarning: An input array is constant; the correlation coefficient is not defined.
  r_value, p_value = stats.pearsonr(pair_df[c1], pair_df[c2])
C:\Github - MindQ\Mind-Q-V4-BI\backend\phases\07_readiness\impl.py:740: ConstantInputWarning: An input array is constant; the correlation coefficient is not defined.
  r_value, p_value = stats.pearsonr(pair_df[c1], pair_df[c2])
C:\Github - MindQ\Mind-Q-V4-BI\backend\phases\07_readiness\impl.py:740: ConstantInputWarning: An input array is constant; the correlation coefficient is not defined.
  r_value, p_value = stats.pearsonr(pair_df[c1], pair_df[c2])
C:\Github - MindQ\Mind-Q-V4-BI\backend\phases\07_readiness\impl.py:740: ConstantInputWarning: An input array is constant; the correlation coefficient is not defined.
  r_value, p_value = stats.pearsonr(pair_df[c1], pair_df[c2])
C:\Github - MindQ\Mind-Q-V4-BI\backend\phases\07_readiness\impl.py:740: ConstantInputWarning: An input array is constant; the correlation coefficient is not defined.
  r_value, p_value = stats.pearsonr(pair_df[c1], pair_df[c2])
C:\Github - MindQ\Mind-Q-V4-BI\backend\phases\07_readiness\impl.py:740: ConstantInputWarning: An input array is constant; the correlation coefficient is not defined.
  r_value, p_value = stats.pearsonr(pair_df[c1], pair_df[c2])
C:\Github - MindQ\Mind-Q-V4-BI\backend\phases\07_readiness\impl.py:740: ConstantInputWarning: An input array is constant; the correlation coefficient is not defined.
  r_value, p_value = stats.pearsonr(pair_df[c1], pair_df[c2])
C:\Github - MindQ\Mind-Q-V4-BI\backend\phases\07_readiness\impl.py:740: ConstantInputWarning: An input array is constant; the correlation coefficient is not defined.
  r_value, p_value = stats.pearsonr(pair_df[c1], pair_df[c2])
C:\Github - MindQ\Mind-Q-V4-BI\backend\phases\07_readiness\impl.py:740: ConstantInputWarning: An input array is constant; the correlation coefficient is not defined.
  r_value, p_value = stats.pearsonr(pair_df[c1], pair_df[c2])
C:\Github - MindQ\Mind-Q-V4-BI\backend\phases\07_readiness\impl.py:740: ConstantInputWarning: An input array is constant; the correlation coefficient is not defined.
  r_value, p_value = stats.pearsonr(pair_df[c1], pair_df[c2])
C:\Github - MindQ\Mind-Q-V4-BI\backend\phases\07_readiness\impl.py:740: ConstantInputWarning: An input array is constant; the correlation coefficient is not defined.
  r_value, p_value = stats.pearsonr(pair_df[c1], pair_df[c2])
C:\Github - MindQ\Mind-Q-V4-BI\backend\phases\07_readiness\impl.py:740: ConstantInputWarning: An input array is constant; the correlation coefficient is not defined.
  r_value, p_value = stats.pearsonr(pair_df[c1], pair_df[c2])
C:\Github - MindQ\Mind-Q-V4-BI\backend\phases\07_readiness\impl.py:740: ConstantInputWarning: An input array is constant; the correlation coefficient is not defined.
  r_value, p_value = stats.pearsonr(pair_df[c1], pair_df[c2])
C:\Github - MindQ\Mind-Q-V4-BI\backend\phases\07_readiness\impl.py:740: ConstantInputWarning: An input array is constant; the correlation coefficient is not defined.
  r_value, p_value = stats.pearsonr(pair_df[c1], pair_df[c2])
C:\Github - MindQ\Mind-Q-V4-BI\backend\phases\07_readiness\impl.py:740: ConstantInputWarning: An input array is constant; the correlation coefficient is not defined.
  r_value, p_value = stats.pearsonr(pair_df[c1], pair_df[c2])
C:\Github - MindQ\Mind-Q-V4-BI\backend\phases\07_readiness\impl.py:740: ConstantInputWarning: An input array is constant; the correlation coefficient is not defined.
  r_value, p_value = stats.pearsonr(pair_df[c1], pair_df[c2])
C:\Github - MindQ\Mind-Q-V4-BI\backend\phases\07_readiness\impl.py:740: ConstantInputWarning: An input array is constant; the correlation coefficient is not defined.
  r_value, p_value = stats.pearsonr(pair_df[c1], pair_df[c2])
C:\Github - MindQ\Mind-Q-V4-BI\backend\phases\07_readiness\impl.py:740: ConstantInputWarning: An input array is constant; the correlation coefficient is not defined.
  r_value, p_value = stats.pearsonr(pair_df[c1], pair_df[c2])
C:\Github - MindQ\Mind-Q-V4-BI\backend\phases\07_readiness\impl.py:740: ConstantInputWarning: An input array is constant; the correlation coefficient is not defined.
  r_value, p_value = stats.pearsonr(pair_df[c1], pair_df[c2])
C:\Github - MindQ\Mind-Q-V4-BI\backend\phases\07_readiness\impl.py:740: ConstantInputWarning: An input array is constant; the correlation coefficient is not defined.
  r_value, p_value = stats.pearsonr(pair_df[c1], pair_df[c2])
C:\Github - MindQ\Mind-Q-V4-BI\backend\phases\07_readiness\impl.py:740: ConstantInputWarning: An input array is constant; the correlation coefficient is not defined.
  r_value, p_value = stats.pearsonr(pair_df[c1], pair_df[c2])
C:\Github - MindQ\Mind-Q-V4-BI\backend\phases\07_readiness\impl.py:740: ConstantInputWarning: An input array is constant; the correlation coefficient is not defined.
  r_value, p_value = stats.pearsonr(pair_df[c1], pair_df[c2])
C:\Github - MindQ\Mind-Q-V4-BI\backend\phases\07_readiness\impl.py:740: ConstantInputWarning: An input array is constant; the correlation coefficient is not defined.
  r_value, p_value = stats.pearsonr(pair_df[c1], pair_df[c2])
C:\Github - MindQ\Mind-Q-V4-BI\backend\phases\07_readiness\impl.py:740: ConstantInputWarning: An input array is constant; the correlation coefficient is not defined.
  r_value, p_value = stats.pearsonr(pair_df[c1], pair_df[c2])
C:\Github - MindQ\Mind-Q-V4-BI\backend\phases\07_readiness\impl.py:740: ConstantInputWarning: An input array is constant; the correlation coefficient is not defined.
  r_value, p_value = stats.pearsonr(pair_df[c1], pair_df[c2])
C:\Github - MindQ\Mind-Q-V4-BI\backend\phases\07_readiness\impl.py:740: ConstantInputWarning: An input array is constant; the correlation coefficient is not defined.
  r_value, p_value = stats.pearsonr(pair_df[c1], pair_df[c2])
C:\Github - MindQ\Mind-Q-V4-BI\backend\phases\07_readiness\impl.py:740: ConstantInputWarning: An input array is constant; the correlation coefficient is not defined.
  r_value, p_value = stats.pearsonr(pair_df[c1], pair_df[c2])
C:\Github - MindQ\Mind-Q-V4-BI\backend\phases\07_readiness\impl.py:740: ConstantInputWarning: An input array is constant; the correlation coefficient is not defined.
  r_value, p_value = stats.pearsonr(pair_df[c1], pair_df[c2])
C:\Github - MindQ\Mind-Q-V4-BI\backend\phases\07_readiness\impl.py:740: ConstantInputWarning: An input array is constant; the correlation coefficient is not defined.
  r_value, p_value = stats.pearsonr(pair_df[c1], pair_df[c2])
C:\Github - MindQ\Mind-Q-V4-BI\backend\phases\07_readiness\impl.py:740: ConstantInputWarning: An input array is constant; the correlation coefficient is not defined.
  r_value, p_value = stats.pearsonr(pair_df[c1], pair_df[c2])
C:\Github - MindQ\Mind-Q-V4-BI\backend\phases\07_readiness\impl.py:740: ConstantInputWarning: An input array is constant; the correlation coefficient is not defined.
  r_value, p_value = stats.pearsonr(pair_df[c1], pair_df[c2])
C:\Github - MindQ\Mind-Q-V4-BI\backend\phases\07_readiness\impl.py:740: ConstantInputWarning: An input array is constant; the correlation coefficient is not defined.
  r_value, p_value = stats.pearsonr(pair_df[c1], pair_df[c2])
C:\Github - MindQ\Mind-Q-V4-BI\backend\phases\07_readiness\impl.py:740: ConstantInputWarning: An input array is constant; the correlation coefficient is not defined.
  r_value, p_value = stats.pearsonr(pair_df[c1], pair_df[c2])
C:\Github - MindQ\Mind-Q-V4-BI\backend\phases\07_readiness\impl.py:740: ConstantInputWarning: An input array is constant; the correlation coefficient is not defined.
  r_value, p_value = stats.pearsonr(pair_df[c1], pair_df[c2])
C:\Github - MindQ\Mind-Q-V4-BI\backend\phases\07_readiness\impl.py:740: ConstantInputWarning: An input array is constant; the correlation coefficient is not defined.
  r_value, p_value = stats.pearsonr(pair_df[c1], pair_df[c2])
C:\Github - MindQ\Mind-Q-V4-BI\backend\phases\07_readiness\impl.py:740: ConstantInputWarning: An input array is constant; the correlation coefficient is not defined.
  r_value, p_value = stats.pearsonr(pair_df[c1], pair_df[c2])
C:\Github - MindQ\Mind-Q-V4-BI\backend\phases\07_readiness\impl.py:740: ConstantInputWarning: An input array is constant; the correlation coefficient is not defined.
  r_value, p_value = stats.pearsonr(pair_df[c1], pair_df[c2])
C:\Github - MindQ\Mind-Q-V4-BI\backend\phases\07_readiness\impl.py:740: ConstantInputWarning: An input array is constant; the correlation coefficient is not defined.
  r_value, p_value = stats.pearsonr(pair_df[c1], pair_df[c2])
C:\Github - MindQ\Mind-Q-V4-BI\backend\phases\07_readiness\impl.py:740: ConstantInputWarning: An input array is constant; the correlation coefficient is not defined.
  r_value, p_value = stats.pearsonr(pair_df[c1], pair_df[c2])
C:\Github - MindQ\Mind-Q-V4-BI\backend\phases\07_readiness\impl.py:740: ConstantInputWarning: An input array is constant; the correlation coefficient is not defined.
  r_value, p_value = stats.pearsonr(pair_df[c1], pair_df[c2])
C:\Github - MindQ\Mind-Q-V4-BI\backend\phases\07_readiness\impl.py:740: ConstantInputWarning: An input array is constant; the correlation coefficient is not defined.
  r_value, p_value = stats.pearsonr(pair_df[c1], pair_df[c2])
C:\Github - MindQ\Mind-Q-V4-BI\backend\phases\07_readiness\impl.py:740: ConstantInputWarning: An input array is constant; the correlation coefficient is not defined.
  r_value, p_value = stats.pearsonr(pair_df[c1], pair_df[c2])
C:\Github - MindQ\Mind-Q-V4-BI\backend\phases\07_readiness\impl.py:740: ConstantInputWarning: An input array is constant; the correlation coefficient is not defined.
  r_value, p_value = stats.pearsonr(pair_df[c1], pair_df[c2])
C:\Github - MindQ\Mind-Q-V4-BI\backend\phases\07_readiness\impl.py:740: ConstantInputWarning: An input array is constant; the correlation coefficient is not defined.
  r_value, p_value = stats.pearsonr(pair_df[c1], pair_df[c2])
C:\Github - MindQ\Mind-Q-V4-BI\backend\phases\07_readiness\impl.py:740: ConstantInputWarning: An input array is constant; the correlation coefficient is not defined.
  r_value, p_value = stats.pearsonr(pair_df[c1], pair_df[c2])
C:\Github - MindQ\Mind-Q-V4-BI\backend\phases\07_readiness\impl.py:740: ConstantInputWarning: An input array is constant; the correlation coefficient is not defined.
  r_value, p_value = stats.pearsonr(pair_df[c1], pair_df[c2])
C:\Github - MindQ\Mind-Q-V4-BI\backend\phases\07_readiness\impl.py:740: ConstantInputWarning: An input array is constant; the correlation coefficient is not defined.
  r_value, p_value = stats.pearsonr(pair_df[c1], pair_df[c2])
C:\Github - MindQ\Mind-Q-V4-BI\backend\phases\07_readiness\impl.py:740: ConstantInputWarning: An input array is constant; the correlation coefficient is not defined.
  r_value, p_value = stats.pearsonr(pair_df[c1], pair_df[c2])
C:\Github - MindQ\Mind-Q-V4-BI\backend\phases\07_readiness\impl.py:740: ConstantInputWarning: An input array is constant; the correlation coefficient is not defined.
  r_value, p_value = stats.pearsonr(pair_df[c1], pair_df[c2])
C:\Github - MindQ\Mind-Q-V4-BI\backend\phases\07_readiness\impl.py:740: ConstantInputWarning: An input array is constant; the correlation coefficient is not defined.
  r_value, p_value = stats.pearsonr(pair_df[c1], pair_df[c2])
C:\Github - MindQ\Mind-Q-V4-BI\backend\phases\07_readiness\impl.py:740: ConstantInputWarning: An input array is constant; the correlation coefficient is not defined.
  r_value, p_value = stats.pearsonr(pair_df[c1], pair_df[c2])
C:\Github - MindQ\Mind-Q-V4-BI\backend\phases\07_readiness\impl.py:740: ConstantInputWarning: An input array is constant; the correlation coefficient is not defined.
  r_value, p_value = stats.pearsonr(pair_df[c1], pair_df[c2])
C:\Github - MindQ\Mind-Q-V4-BI\backend\phases\07_readiness\impl.py:740: ConstantInputWarning: An input array is constant; the correlation coefficient is not defined.
  r_value, p_value = stats.pearsonr(pair_df[c1], pair_df[c2])
C:\Github - MindQ\Mind-Q-V4-BI\backend\phases\07_readiness\impl.py:740: ConstantInputWarning: An input array is constant; the correlation coefficient is not defined.
  r_value, p_value = stats.pearsonr(pair_df[c1], pair_df[c2])
C:\Github - MindQ\Mind-Q-V4-BI\backend\phases\07_readiness\impl.py:740: ConstantInputWarning: An input array is constant; the correlation coefficient is not defined.
  r_value, p_value = stats.pearsonr(pair_df[c1], pair_df[c2])
C:\Github - MindQ\Mind-Q-V4-BI\backend\phases\07_readiness\impl.py:740: ConstantInputWarning: An input array is constant; the correlation coefficient is not defined.
  r_value, p_value = stats.pearsonr(pair_df[c1], pair_df[c2])
C:\Github - MindQ\Mind-Q-V4-BI\backend\phases\07_readiness\impl.py:740: ConstantInputWarning: An input array is constant; the correlation coefficient is not defined.
  r_value, p_value = stats.pearsonr(pair_df[c1], pair_df[c2])
C:\Github - MindQ\Mind-Q-V4-BI\backend\phases\07_readiness\impl.py:740: ConstantInputWarning: An input array is constant; the correlation coefficient is not defined.
  r_value, p_value = stats.pearsonr(pair_df[c1], pair_df[c2])
C:\Github - MindQ\Mind-Q-V4-BI\backend\phases\07_readiness\impl.py:740: ConstantInputWarning: An input array is constant; the correlation coefficient is not defined.
  r_value, p_value = stats.pearsonr(pair_df[c1], pair_df[c2])
C:\Github - MindQ\Mind-Q-V4-BI\backend\phases\07_readiness\impl.py:740: ConstantInputWarning: An input array is constant; the correlation coefficient is not defined.
  r_value, p_value = stats.pearsonr(pair_df[c1], pair_df[c2])
C:\Github - MindQ\Mind-Q-V4-BI\backend\phases\07_readiness\impl.py:740: ConstantInputWarning: An input array is constant; the correlation coefficient is not defined.
  r_value, p_value = stats.pearsonr(pair_df[c1], pair_df[c2])
C:\Github - MindQ\Mind-Q-V4-BI\backend\phases\07_readiness\impl.py:740: ConstantInputWarning: An input array is constant; the correlation coefficient is not defined.
  r_value, p_value = stats.pearsonr(pair_df[c1], pair_df[c2])
C:\Github - MindQ\Mind-Q-V4-BI\backend\phases\07_readiness\impl.py:740: ConstantInputWarning: An input array is constant; the correlation coefficient is not defined.
  r_value, p_value = stats.pearsonr(pair_df[c1], pair_df[c2])
C:\Github - MindQ\Mind-Q-V4-BI\backend\phases\07_readiness\impl.py:740: ConstantInputWarning: An input array is constant; the correlation coefficient is not defined.
  r_value, p_value = stats.pearsonr(pair_df[c1], pair_df[c2])
C:\Github - MindQ\Mind-Q-V4-BI\backend\phases\07_readiness\impl.py:740: ConstantInputWarning: An input array is constant; the correlation coefficient is not defined.
  r_value, p_value = stats.pearsonr(pair_df[c1], pair_df[c2])
C:\Github - MindQ\Mind-Q-V4-BI\backend\phases\07_readiness\impl.py:740: ConstantInputWarning: An input array is constant; the correlation coefficient is not defined.
  r_value, p_value = stats.pearsonr(pair_df[c1], pair_df[c2])
C:\Github - MindQ\Mind-Q-V4-BI\backend\phases\07_readiness\impl.py:740: ConstantInputWarning: An input array is constant; the correlation coefficient is not defined.
  r_value, p_value = stats.pearsonr(pair_df[c1], pair_df[c2])
C:\Github - MindQ\Mind-Q-V4-BI\backend\phases\07_readiness\impl.py:740: ConstantInputWarning: An input array is constant; the correlation coefficient is not defined.
  r_value, p_value = stats.pearsonr(pair_df[c1], pair_df[c2])
C:\Github - MindQ\Mind-Q-V4-BI\backend\phases\07_readiness\impl.py:740: ConstantInputWarning: An input array is constant; the correlation coefficient is not defined.
  r_value, p_value = stats.pearsonr(pair_df[c1], pair_df[c2])
C:\Github - MindQ\Mind-Q-V4-BI\backend\phases\07_readiness\impl.py:740: ConstantInputWarning: An input array is constant; the correlation coefficient is not defined.
  r_value, p_value = stats.pearsonr(pair_df[c1], pair_df[c2])
C:\Github - MindQ\Mind-Q-V4-BI\backend\phases\07_readiness\impl.py:740: ConstantInputWarning: An input array is constant; the correlation coefficient is not defined.
  r_value, p_value = stats.pearsonr(pair_df[c1], pair_df[c2])
C:\Github - MindQ\Mind-Q-V4-BI\backend\phases\07_readiness\impl.py:740: ConstantInputWarning: An input array is constant; the correlation coefficient is not defined.
  r_value, p_value = stats.pearsonr(pair_df[c1], pair_df[c2])
C:\Github - MindQ\Mind-Q-V4-BI\backend\phases\07_readiness\impl.py:740: ConstantInputWarning: An input array is constant; the correlation coefficient is not defined.
  r_value, p_value = stats.pearsonr(pair_df[c1], pair_df[c2])
C:\Github - MindQ\Mind-Q-V4-BI\backend\phases\07_readiness\impl.py:740: ConstantInputWarning: An input array is constant; the correlation coefficient is not defined.
  r_value, p_value = stats.pearsonr(pair_df[c1], pair_df[c2])
C:\Github - MindQ\Mind-Q-V4-BI\backend\phases\07_readiness\impl.py:740: ConstantInputWarning: An input array is constant; the correlation coefficient is not defined.
  r_value, p_value = stats.pearsonr(pair_df[c1], pair_df[c2])
C:\Github - MindQ\Mind-Q-V4-BI\backend\phases\07_readiness\impl.py:740: ConstantInputWarning: An input array is constant; the correlation coefficient is not defined.
  r_value, p_value = stats.pearsonr(pair_df[c1], pair_df[c2])
C:\Github - MindQ\Mind-Q-V4-BI\backend\phases\07_readiness\impl.py:740: ConstantInputWarning: An input array is constant; the correlation coefficient is not defined.
  r_value, p_value = stats.pearsonr(pair_df[c1], pair_df[c2])
C:\Github - MindQ\Mind-Q-V4-BI\backend\phases\07_readiness\impl.py:740: ConstantInputWarning: An input array is constant; the correlation coefficient is not defined.
  r_value, p_value = stats.pearsonr(pair_df[c1], pair_df[c2])
C:\Github - MindQ\Mind-Q-V4-BI\backend\phases\07_readiness\impl.py:740: ConstantInputWarning: An input array is constant; the correlation coefficient is not defined.
  r_value, p_value = stats.pearsonr(pair_df[c1], pair_df[c2])
C:\Github - MindQ\Mind-Q-V4-BI\backend\phases\07_readiness\impl.py:740: ConstantInputWarning: An input array is constant; the correlation coefficient is not defined.
  r_value, p_value = stats.pearsonr(pair_df[c1], pair_df[c2])
C:\Github - MindQ\Mind-Q-V4-BI\backend\phases\07_readiness\impl.py:740: ConstantInputWarning: An input array is constant; the correlation coefficient is not defined.
  r_value, p_value = stats.pearsonr(pair_df[c1], pair_df[c2])
C:\Github - MindQ\Mind-Q-V4-BI\backend\phases\07_readiness\impl.py:740: ConstantInputWarning: An input array is constant; the correlation coefficient is not defined.
  r_value, p_value = stats.pearsonr(pair_df[c1], pair_df[c2])
C:\Github - MindQ\Mind-Q-V4-BI\backend\phases\07_readiness\impl.py:740: ConstantInputWarning: An input array is constant; the correlation coefficient is not defined.
  r_value, p_value = stats.pearsonr(pair_df[c1], pair_df[c2])
C:\Github - MindQ\Mind-Q-V4-BI\backend\phases\07_readiness\impl.py:740: ConstantInputWarning: An input array is constant; the correlation coefficient is not defined.
  r_value, p_value = stats.pearsonr(pair_df[c1], pair_df[c2])
C:\Github - MindQ\Mind-Q-V4-BI\backend\phases\07_readiness\impl.py:740: ConstantInputWarning: An input array is constant; the correlation coefficient is not defined.
  r_value, p_value = stats.pearsonr(pair_df[c1], pair_df[c2])
C:\Github - MindQ\Mind-Q-V4-BI\backend\phases\07_readiness\impl.py:740: ConstantInputWarning: An input array is constant; the correlation coefficient is not defined.
  r_value, p_value = stats.pearsonr(pair_df[c1], pair_df[c2])
C:\Github - MindQ\Mind-Q-V4-BI\backend\phases\07_readiness\impl.py:740: ConstantInputWarning: An input array is constant; the correlation coefficient is not defined.
  r_value, p_value = stats.pearsonr(pair_df[c1], pair_df[c2])
C:\Github - MindQ\Mind-Q-V4-BI\backend\phases\07_readiness\impl.py:740: ConstantInputWarning: An input array is constant; the correlation coefficient is not defined.
  r_value, p_value = stats.pearsonr(pair_df[c1], pair_df[c2])
C:\Github - MindQ\Mind-Q-V4-BI\backend\phases\07_readiness\impl.py:740: ConstantInputWarning: An input array is constant; the correlation coefficient is not defined.
  r_value, p_value = stats.pearsonr(pair_df[c1], pair_df[c2])
C:\Github - MindQ\Mind-Q-V4-BI\backend\phases\07_readiness\impl.py:740: ConstantInputWarning: An input array is constant; the correlation coefficient is not defined.
  r_value, p_value = stats.pearsonr(pair_df[c1], pair_df[c2])
C:\Github - MindQ\Mind-Q-V4-BI\backend\phases\07_readiness\impl.py:740: ConstantInputWarning: An input array is constant; the correlation coefficient is not defined.
  r_value, p_value = stats.pearsonr(pair_df[c1], pair_df[c2])
C:\Github - MindQ\Mind-Q-V4-BI\backend\phases\07_readiness\impl.py:740: ConstantInputWarning: An input array is constant; the correlation coefficient is not defined.
  r_value, p_value = stats.pearsonr(pair_df[c1], pair_df[c2])
C:\Github - MindQ\Mind-Q-V4-BI\backend\phases\07_readiness\impl.py:740: ConstantInputWarning: An input array is constant; the correlation coefficient is not defined.
  r_value, p_value = stats.pearsonr(pair_df[c1], pair_df[c2])
C:\Github - MindQ\Mind-Q-V4-BI\backend\phases\07_readiness\impl.py:740: ConstantInputWarning: An input array is constant; the correlation coefficient is not defined.
  r_value, p_value = stats.pearsonr(pair_df[c1], pair_df[c2])
C:\Github - MindQ\Mind-Q-V4-BI\backend\phases\07_readiness\impl.py:740: ConstantInputWarning: An input array is constant; the correlation coefficient is not defined.
  r_value, p_value = stats.pearsonr(pair_df[c1], pair_df[c2])
C:\Github - MindQ\Mind-Q-V4-BI\backend\phases\07_readiness\impl.py:740: ConstantInputWarning: An input array is constant; the correlation coefficient is not defined.
  r_value, p_value = stats.pearsonr(pair_df[c1], pair_df[c2])
C:\Github - MindQ\Mind-Q-V4-BI\backend\phases\07_readiness\impl.py:740: ConstantInputWarning: An input array is constant; the correlation coefficient is not defined.
  r_value, p_value = stats.pearsonr(pair_df[c1], pair_df[c2])
C:\Github - MindQ\Mind-Q-V4-BI\backend\phases\07_readiness\impl.py:740: ConstantInputWarning: An input array is constant; the correlation coefficient is not defined.
  r_value, p_value = stats.pearsonr(pair_df[c1], pair_df[c2])
C:\Github - MindQ\Mind-Q-V4-BI\backend\phases\07_readiness\impl.py:740: ConstantInputWarning: An input array is constant; the correlation coefficient is not defined.
  r_value, p_value = stats.pearsonr(pair_df[c1], pair_df[c2])
C:\Github - MindQ\Mind-Q-V4-BI\backend\phases\07_readiness\impl.py:740: ConstantInputWarning: An input array is constant; the correlation coefficient is not defined.
  r_value, p_value = stats.pearsonr(pair_df[c1], pair_df[c2])
C:\Github - MindQ\Mind-Q-V4-BI\backend\phases\07_readiness\impl.py:740: ConstantInputWarning: An input array is constant; the correlation coefficient is not defined.
  r_value, p_value = stats.pearsonr(pair_df[c1], pair_df[c2])
C:\Github - MindQ\Mind-Q-V4-BI\backend\phases\07_readiness\impl.py:740: ConstantInputWarning: An input array is constant; the correlation coefficient is not defined.
  r_value, p_value = stats.pearsonr(pair_df[c1], pair_df[c2])
C:\Github - MindQ\Mind-Q-V4-BI\backend\phases\07_readiness\impl.py:740: ConstantInputWarning: An input array is constant; the correlation coefficient is not defined.
  r_value, p_value = stats.pearsonr(pair_df[c1], pair_df[c2])
C:\Github - MindQ\Mind-Q-V4-BI\backend\phases\07_readiness\impl.py:740: ConstantInputWarning: An input array is constant; the correlation coefficient is not defined.
  r_value, p_value = stats.pearsonr(pair_df[c1], pair_df[c2])
C:\Github - MindQ\Mind-Q-V4-BI\backend\phases\07_readiness\impl.py:740: ConstantInputWarning: An input array is constant; the correlation coefficient is not defined.
  r_value, p_value = stats.pearsonr(pair_df[c1], pair_df[c2])
C:\Github - MindQ\Mind-Q-V4-BI\backend\phases\07_readiness\impl.py:740: ConstantInputWarning: An input array is constant; the correlation coefficient is not defined.
  r_value, p_value = stats.pearsonr(pair_df[c1], pair_df[c2])
C:\Github - MindQ\Mind-Q-V4-BI\backend\phases\07_readiness\impl.py:740: ConstantInputWarning: An input array is constant; the correlation coefficient is not defined.
  r_value, p_value = stats.pearsonr(pair_df[c1], pair_df[c2])
C:\Github - MindQ\Mind-Q-V4-BI\backend\phases\07_readiness\impl.py:740: ConstantInputWarning: An input array is constant; the correlation coefficient is not defined.
  r_value, p_value = stats.pearsonr(pair_df[c1], pair_df[c2])
C:\Github - MindQ\Mind-Q-V4-BI\backend\phases\07_readiness\impl.py:740: ConstantInputWarning: An input array is constant; the correlation coefficient is not defined.
  r_value, p_value = stats.pearsonr(pair_df[c1], pair_df[c2])
C:\Github - MindQ\Mind-Q-V4-BI\backend\phases\07_readiness\impl.py:740: ConstantInputWarning: An input array is constant; the correlation coefficient is not defined.
  r_value, p_value = stats.pearsonr(pair_df[c1], pair_df[c2])
C:\Github - MindQ\Mind-Q-V4-BI\backend\phases\07_readiness\impl.py:740: ConstantInputWarning: An input array is constant; the correlation coefficient is not defined.
  r_value, p_value = stats.pearsonr(pair_df[c1], pair_df[c2])
C:\Github - MindQ\Mind-Q-V4-BI\backend\phases\07_readiness\impl.py:740: ConstantInputWarning: An input array is constant; the correlation coefficient is not defined.
  r_value, p_value = stats.pearsonr(pair_df[c1], pair_df[c2])
C:\Github - MindQ\Mind-Q-V4-BI\backend\phases\07_readiness\impl.py:740: ConstantInputWarning: An input array is constant; the correlation coefficient is not defined.
  r_value, p_value = stats.pearsonr(pair_df[c1], pair_df[c2])
C:\Github - MindQ\Mind-Q-V4-BI\backend\phases\07_readiness\impl.py:740: ConstantInputWarning: An input array is constant; the correlation coefficient is not defined.
  r_value, p_value = stats.pearsonr(pair_df[c1], pair_df[c2])
C:\Github - MindQ\Mind-Q-V4-BI\backend\phases\07_readiness\impl.py:740: ConstantInputWarning: An input array is constant; the correlation coefficient is not defined.
  r_value, p_value = stats.pearsonr(pair_df[c1], pair_df[c2])
C:\Github - MindQ\Mind-Q-V4-BI\backend\phases\07_readiness\impl.py:740: ConstantInputWarning: An input array is constant; the correlation coefficient is not defined.
  r_value, p_value = stats.pearsonr(pair_df[c1], pair_df[c2])
C:\Github - MindQ\Mind-Q-V4-BI\backend\phases\07_readiness\impl.py:740: ConstantInputWarning: An input array is constant; the correlation coefficient is not defined.
  r_value, p_value = stats.pearsonr(pair_df[c1], pair_df[c2])
C:\Github - MindQ\Mind-Q-V4-BI\backend\phases\07_readiness\impl.py:740: ConstantInputWarning: An input array is constant; the correlation coefficient is not defined.
  r_value, p_value = stats.pearsonr(pair_df[c1], pair_df[c2])
C:\Github - MindQ\Mind-Q-V4-BI\backend\phases\07_readiness\impl.py:740: ConstantInputWarning: An input array is constant; the correlation coefficient is not defined.
  r_value, p_value = stats.pearsonr(pair_df[c1], pair_df[c2])
C:\Github - MindQ\Mind-Q-V4-BI\backend\phases\07_readiness\impl.py:740: ConstantInputWarning: An input array is constant; the correlation coefficient is not defined.
  r_value, p_value = stats.pearsonr(pair_df[c1], pair_df[c2])
C:\Github - MindQ\Mind-Q-V4-BI\backend\phases\07_readiness\impl.py:740: ConstantInputWarning: An input array is constant; the correlation coefficient is not defined.
  r_value, p_value = stats.pearsonr(pair_df[c1], pair_df[c2])
C:\Github - MindQ\Mind-Q-V4-BI\backend\phases\07_readiness\impl.py:740: ConstantInputWarning: An input array is constant; the correlation coefficient is not defined.
  r_value, p_value = stats.pearsonr(pair_df[c1], pair_df[c2])
C:\Github - MindQ\Mind-Q-V4-BI\backend\phases\07_readiness\impl.py:740: ConstantInputWarning: An input array is constant; the correlation coefficient is not defined.
  r_value, p_value = stats.pearsonr(pair_df[c1], pair_df[c2])
C:\Github - MindQ\Mind-Q-V4-BI\backend\phases\07_readiness\impl.py:740: ConstantInputWarning: An input array is constant; the correlation coefficient is not defined.
  r_value, p_value = stats.pearsonr(pair_df[c1], pair_df[c2])
C:\Github - MindQ\Mind-Q-V4-BI\backend\phases\07_readiness\impl.py:740: ConstantInputWarning: An input array is constant; the correlation coefficient is not defined.
  r_value, p_value = stats.pearsonr(pair_df[c1], pair_df[c2])
C:\Github - MindQ\Mind-Q-V4-BI\backend\phases\07_readiness\impl.py:740: ConstantInputWarning: An input array is constant; the correlation coefficient is not defined.
  r_value, p_value = stats.pearsonr(pair_df[c1], pair_df[c2])
C:\Github - MindQ\Mind-Q-V4-BI\backend\phases\07_readiness\impl.py:740: ConstantInputWarning: An input array is constant; the correlation coefficient is not defined.
  r_value, p_value = stats.pearsonr(pair_df[c1], pair_df[c2])
C:\Github - MindQ\Mind-Q-V4-BI\backend\phases\07_readiness\impl.py:740: ConstantInputWarning: An input array is constant; the correlation coefficient is not defined.
  r_value, p_value = stats.pearsonr(pair_df[c1], pair_df[c2])
C:\Github - MindQ\Mind-Q-V4-BI\backend\phases\07_readiness\impl.py:740: ConstantInputWarning: An input array is constant; the correlation coefficient is not defined.
  r_value, p_value = stats.pearsonr(pair_df[c1], pair_df[c2])
C:\Github - MindQ\Mind-Q-V4-BI\backend\phases\07_readiness\impl.py:740: ConstantInputWarning: An input array is constant; the correlation coefficient is not defined.
  r_value, p_value = stats.pearsonr(pair_df[c1], pair_df[c2])
C:\Github - MindQ\Mind-Q-V4-BI\backend\phases\07_readiness\impl.py:740: ConstantInputWarning: An input array is constant; the correlation coefficient is not defined.
  r_value, p_value = stats.pearsonr(pair_df[c1], pair_df[c2])
C:\Github - MindQ\Mind-Q-V4-BI\backend\phases\07_readiness\impl.py:740: ConstantInputWarning: An input array is constant; the correlation coefficient is not defined.
  r_value, p_value = stats.pearsonr(pair_df[c1], pair_df[c2])
C:\Github - MindQ\Mind-Q-V4-BI\backend\phases\07_readiness\impl.py:740: ConstantInputWarning: An input array is constant; the correlation coefficient is not defined.
  r_value, p_value = stats.pearsonr(pair_df[c1], pair_df[c2])
C:\Github - MindQ\Mind-Q-V4-BI\backend\phases\07_readiness\impl.py:740: ConstantInputWarning: An input array is constant; the correlation coefficient is not defined.
  r_value, p_value = stats.pearsonr(pair_df[c1], pair_df[c2])
C:\Github - MindQ\Mind-Q-V4-BI\backend\phases\07_readiness\impl.py:740: ConstantInputWarning: An input array is constant; the correlation coefficient is not defined.
  r_value, p_value = stats.pearsonr(pair_df[c1], pair_df[c2])
C:\Github - MindQ\Mind-Q-V4-BI\backend\phases\07_readiness\impl.py:740: ConstantInputWarning: An input array is constant; the correlation coefficient is not defined.
  r_value, p_value = stats.pearsonr(pair_df[c1], pair_df[c2])
C:\Github - MindQ\Mind-Q-V4-BI\backend\phases\07_readiness\impl.py:740: ConstantInputWarning: An input array is constant; the correlation coefficient is not defined.
  r_value, p_value = stats.pearsonr(pair_df[c1], pair_df[c2])
C:\Github - MindQ\Mind-Q-V4-BI\backend\phases\07_readiness\impl.py:740: ConstantInputWarning: An input array is constant; the correlation coefficient is not defined.
  r_value, p_value = stats.pearsonr(pair_df[c1], pair_df[c2])
C:\Github - MindQ\Mind-Q-V4-BI\backend\phases\07_readiness\impl.py:740: ConstantInputWarning: An input array is constant; the correlation coefficient is not defined.
  r_value, p_value = stats.pearsonr(pair_df[c1], pair_df[c2])
C:\Github - MindQ\Mind-Q-V4-BI\backend\phases\07_readiness\impl.py:740: ConstantInputWarning: An input array is constant; the correlation coefficient is not defined.
  r_value, p_value = stats.pearsonr(pair_df[c1], pair_df[c2])
C:\Github - MindQ\Mind-Q-V4-BI\backend\phases\07_readiness\impl.py:740: ConstantInputWarning: An input array is constant; the correlation coefficient is not defined.
  r_value, p_value = stats.pearsonr(pair_df[c1], pair_df[c2])
C:\Github - MindQ\Mind-Q-V4-BI\backend\phases\07_readiness\impl.py:740: ConstantInputWarning: An input array is constant; the correlation coefficient is not defined.
  r_value, p_value = stats.pearsonr(pair_df[c1], pair_df[c2])
C:\Github - MindQ\Mind-Q-V4-BI\backend\phases\07_readiness\impl.py:740: ConstantInputWarning: An input array is constant; the correlation coefficient is not defined.
  r_value, p_value = stats.pearsonr(pair_df[c1], pair_df[c2])
C:\Github - MindQ\Mind-Q-V4-BI\backend\phases\07_readiness\impl.py:740: ConstantInputWarning: An input array is constant; the correlation coefficient is not defined.
  r_value, p_value = stats.pearsonr(pair_df[c1], pair_df[c2])
C:\Github - MindQ\Mind-Q-V4-BI\backend\phases\07_readiness\impl.py:740: ConstantInputWarning: An input array is constant; the correlation coefficient is not defined.
  r_value, p_value = stats.pearsonr(pair_df[c1], pair_df[c2])
C:\Github - MindQ\Mind-Q-V4-BI\backend\phases\07_readiness\impl.py:740: ConstantInputWarning: An input array is constant; the correlation coefficient is not defined.
  r_value, p_value = stats.pearsonr(pair_df[c1], pair_df[c2])
C:\Github - MindQ\Mind-Q-V4-BI\backend\phases\07_readiness\impl.py:740: ConstantInputWarning: An input array is constant; the correlation coefficient is not defined.
  r_value, p_value = stats.pearsonr(pair_df[c1], pair_df[c2])
C:\Github - MindQ\Mind-Q-V4-BI\backend\phases\07_readiness\impl.py:740: ConstantInputWarning: An input array is constant; the correlation coefficient is not defined.
  r_value, p_value = stats.pearsonr(pair_df[c1], pair_df[c2])
C:\Github - MindQ\Mind-Q-V4-BI\backend\phases\07_readiness\impl.py:740: ConstantInputWarning: An input array is constant; the correlation coefficient is not defined.
  r_value, p_value = stats.pearsonr(pair_df[c1], pair_df[c2])
C:\Github - MindQ\Mind-Q-V4-BI\backend\phases\07_readiness\impl.py:740: ConstantInputWarning: An input array is constant; the correlation coefficient is not defined.
  r_value, p_value = stats.pearsonr(pair_df[c1], pair_df[c2])
C:\Github - MindQ\Mind-Q-V4-BI\backend\phases\07_readiness\impl.py:740: ConstantInputWarning: An input array is constant; the correlation coefficient is not defined.
  r_value, p_value = stats.pearsonr(pair_df[c1], pair_df[c2])
C:\Github - MindQ\Mind-Q-V4-BI\backend\phases\07_readiness\impl.py:740: ConstantInputWarning: An input array is constant; the correlation coefficient is not defined.
  r_value, p_value = stats.pearsonr(pair_df[c1], pair_df[c2])
C:\Github - MindQ\Mind-Q-V4-BI\backend\phases\07_readiness\impl.py:740: ConstantInputWarning: An input array is constant; the correlation coefficient is not defined.
  r_value, p_value = stats.pearsonr(pair_df[c1], pair_df[c2])
C:\Github - MindQ\Mind-Q-V4-BI\backend\phases\07_readiness\impl.py:740: ConstantInputWarning: An input array is constant; the correlation coefficient is not defined.
  r_value, p_value = stats.pearsonr(pair_df[c1], pair_df[c2])
C:\Github - MindQ\Mind-Q-V4-BI\backend\phases\07_readiness\impl.py:740: ConstantInputWarning: An input array is constant; the correlation coefficient is not defined.
  r_value, p_value = stats.pearsonr(pair_df[c1], pair_df[c2])
C:\Github - MindQ\Mind-Q-V4-BI\backend\phases\07_readiness\impl.py:740: ConstantInputWarning: An input array is constant; the correlation coefficient is not defined.
  r_value, p_value = stats.pearsonr(pair_df[c1], pair_df[c2])
C:\Github - MindQ\Mind-Q-V4-BI\backend\phases\07_readiness\impl.py:740: ConstantInputWarning: An input array is constant; the correlation coefficient is not defined.
  r_value, p_value = stats.pearsonr(pair_df[c1], pair_df[c2])
C:\Github - MindQ\Mind-Q-V4-BI\backend\phases\07_readiness\impl.py:740: ConstantInputWarning: An input array is constant; the correlation coefficient is not defined.
  r_value, p_value = stats.pearsonr(pair_df[c1], pair_df[c2])
C:\Github - MindQ\Mind-Q-V4-BI\backend\phases\07_readiness\impl.py:740: ConstantInputWarning: An input array is constant; the correlation coefficient is not defined.
  r_value, p_value = stats.pearsonr(pair_df[c1], pair_df[c2])
C:\Github - MindQ\Mind-Q-V4-BI\backend\phases\07_readiness\impl.py:740: ConstantInputWarning: An input array is constant; the correlation coefficient is not defined.
  r_value, p_value = stats.pearsonr(pair_df[c1], pair_df[c2])
C:\Github - MindQ\Mind-Q-V4-BI\backend\phases\07_readiness\impl.py:740: ConstantInputWarning: An input array is constant; the correlation coefficient is not defined.
  r_value, p_value = stats.pearsonr(pair_df[c1], pair_df[c2])
C:\Github - MindQ\Mind-Q-V4-BI\backend\phases\07_readiness\impl.py:740: ConstantInputWarning: An input array is constant; the correlation coefficient is not defined.
  r_value, p_value = stats.pearsonr(pair_df[c1], pair_df[c2])
C:\Github - MindQ\Mind-Q-V4-BI\backend\phases\07_readiness\impl.py:740: ConstantInputWarning: An input array is constant; the correlation coefficient is not defined.
  r_value, p_value = stats.pearsonr(pair_df[c1], pair_df[c2])
C:\Github - MindQ\Mind-Q-V4-BI\backend\phases\07_readiness\impl.py:740: ConstantInputWarning: An input array is constant; the correlation coefficient is not defined.
  r_value, p_value = stats.pearsonr(pair_df[c1], pair_df[c2])
C:\Github - MindQ\Mind-Q-V4-BI\backend\phases\07_readiness\impl.py:740: ConstantInputWarning: An input array is constant; the correlation coefficient is not defined.
  r_value, p_value = stats.pearsonr(pair_df[c1], pair_df[c2])
C:\Github - MindQ\Mind-Q-V4-BI\backend\phases\07_readiness\impl.py:740: ConstantInputWarning: An input array is constant; the correlation coefficient is not defined.
  r_value, p_value = stats.pearsonr(pair_df[c1], pair_df[c2])
C:\Github - MindQ\Mind-Q-V4-BI\backend\phases\07_readiness\impl.py:740: ConstantInputWarning: An input array is constant; the correlation coefficient is not defined.
  r_value, p_value = stats.pearsonr(pair_df[c1], pair_df[c2])
C:\Github - MindQ\Mind-Q-V4-BI\backend\phases\07_readiness\impl.py:740: ConstantInputWarning: An input array is constant; the correlation coefficient is not defined.
  r_value, p_value = stats.pearsonr(pair_df[c1], pair_df[c2])
C:\Github - MindQ\Mind-Q-V4-BI\backend\phases\07_readiness\impl.py:740: ConstantInputWarning: An input array is constant; the correlation coefficient is not defined.
  r_value, p_value = stats.pearsonr(pair_df[c1], pair_df[c2])
C:\Github - MindQ\Mind-Q-V4-BI\backend\phases\07_readiness\impl.py:740: ConstantInputWarning: An input array is constant; the correlation coefficient is not defined.
  r_value, p_value = stats.pearsonr(pair_df[c1], pair_df[c2])
C:\Github - MindQ\Mind-Q-V4-BI\backend\phases\07_readiness\impl.py:740: ConstantInputWarning: An input array is constant; the correlation coefficient is not defined.
  r_value, p_value = stats.pearsonr(pair_df[c1], pair_df[c2])
C:\Github - MindQ\Mind-Q-V4-BI\backend\phases\07_readiness\impl.py:740: ConstantInputWarning: An input array is constant; the correlation coefficient is not defined.
  r_value, p_value = stats.pearsonr(pair_df[c1], pair_df[c2])
C:\Github - MindQ\Mind-Q-V4-BI\backend\phases\07_readiness\impl.py:740: ConstantInputWarning: An input array is constant; the correlation coefficient is not defined.
  r_value, p_value = stats.pearsonr(pair_df[c1], pair_df[c2])
C:\Github - MindQ\Mind-Q-V4-BI\backend\phases\07_readiness\impl.py:740: ConstantInputWarning: An input array is constant; the correlation coefficient is not defined.
  r_value, p_value = stats.pearsonr(pair_df[c1], pair_df[c2])
C:\Github - MindQ\Mind-Q-V4-BI\backend\phases\07_readiness\impl.py:740: ConstantInputWarning: An input array is constant; the correlation coefficient is not defined.
  r_value, p_value = stats.pearsonr(pair_df[c1], pair_df[c2])
C:\Github - MindQ\Mind-Q-V4-BI\backend\phases\07_readiness\impl.py:740: ConstantInputWarning: An input array is constant; the correlation coefficient is not defined.
  r_value, p_value = stats.pearsonr(pair_df[c1], pair_df[c2])
C:\Github - MindQ\Mind-Q-V4-BI\backend\phases\07_readiness\impl.py:740: ConstantInputWarning: An input array is constant; the correlation coefficient is not defined.
  r_value, p_value = stats.pearsonr(pair_df[c1], pair_df[c2])
C:\Github - MindQ\Mind-Q-V4-BI\backend\phases\07_readiness\impl.py:740: ConstantInputWarning: An input array is constant; the correlation coefficient is not defined.
  r_value, p_value = stats.pearsonr(pair_df[c1], pair_df[c2])
C:\Github - MindQ\Mind-Q-V4-BI\backend\phases\07_readiness\impl.py:740: ConstantInputWarning: An input array is constant; the correlation coefficient is not defined.
  r_value, p_value = stats.pearsonr(pair_df[c1], pair_df[c2])
C:\Github - MindQ\Mind-Q-V4-BI\backend\phases\07_readiness\impl.py:740: ConstantInputWarning: An input array is constant; the correlation coefficient is not defined.
  r_value, p_value = stats.pearsonr(pair_df[c1], pair_df[c2])
C:\Github - MindQ\Mind-Q-V4-BI\backend\phases\07_readiness\impl.py:740: ConstantInputWarning: An input array is constant; the correlation coefficient is not defined.
  r_value, p_value = stats.pearsonr(pair_df[c1], pair_df[c2])
C:\Github - MindQ\Mind-Q-V4-BI\backend\phases\07_readiness\impl.py:740: ConstantInputWarning: An input array is constant; the correlation coefficient is not defined.
  r_value, p_value = stats.pearsonr(pair_df[c1], pair_df[c2])
C:\Github - MindQ\Mind-Q-V4-BI\backend\phases\07_readiness\impl.py:740: ConstantInputWarning: An input array is constant; the correlation coefficient is not defined.
  r_value, p_value = stats.pearsonr(pair_df[c1], pair_df[c2])
C:\Github - MindQ\Mind-Q-V4-BI\backend\phases\07_readiness\impl.py:740: ConstantInputWarning: An input array is constant; the correlation coefficient is not defined.
  r_value, p_value = stats.pearsonr(pair_df[c1], pair_df[c2])
C:\Github - MindQ\Mind-Q-V4-BI\backend\phases\07_readiness\impl.py:740: ConstantInputWarning: An input array is constant; the correlation coefficient is not defined.
  r_value, p_value = stats.pearsonr(pair_df[c1], pair_df[c2])
C:\Github - MindQ\Mind-Q-V4-BI\backend\phases\07_readiness\impl.py:740: ConstantInputWarning: An input array is constant; the correlation coefficient is not defined.
  r_value, p_value = stats.pearsonr(pair_df[c1], pair_df[c2])
C:\Github - MindQ\Mind-Q-V4-BI\backend\phases\07_readiness\impl.py:740: ConstantInputWarning: An input array is constant; the correlation coefficient is not defined.
  r_value, p_value = stats.pearsonr(pair_df[c1], pair_df[c2])
C:\Github - MindQ\Mind-Q-V4-BI\backend\phases\07_readiness\impl.py:740: ConstantInputWarning: An input array is constant; the correlation coefficient is not defined.
  r_value, p_value = stats.pearsonr(pair_df[c1], pair_df[c2])
C:\Github - MindQ\Mind-Q-V4-BI\backend\phases\07_readiness\impl.py:740: ConstantInputWarning: An input array is constant; the correlation coefficient is not defined.
  r_value, p_value = stats.pearsonr(pair_df[c1], pair_df[c2])
C:\Github - MindQ\Mind-Q-V4-BI\backend\phases\07_readiness\impl.py:740: ConstantInputWarning: An input array is constant; the correlation coefficient is not defined.
  r_value, p_value = stats.pearsonr(pair_df[c1], pair_df[c2])
C:\Github - MindQ\Mind-Q-V4-BI\backend\phases\07_readiness\impl.py:740: ConstantInputWarning: An input array is constant; the correlation coefficient is not defined.
  r_value, p_value = stats.pearsonr(pair_df[c1], pair_df[c2])
C:\Github - MindQ\Mind-Q-V4-BI\backend\phases\07_readiness\impl.py:740: ConstantInputWarning: An input array is constant; the correlation coefficient is not defined.
  r_value, p_value = stats.pearsonr(pair_df[c1], pair_df[c2])
C:\Github - MindQ\Mind-Q-V4-BI\backend\phases\07_readiness\impl.py:740: ConstantInputWarning: An input array is constant; the correlation coefficient is not defined.
  r_value, p_value = stats.pearsonr(pair_df[c1], pair_df[c2])
C:\Github - MindQ\Mind-Q-V4-BI\backend\phases\07_readiness\impl.py:740: ConstantInputWarning: An input array is constant; the correlation coefficient is not defined.
  r_value, p_value = stats.pearsonr(pair_df[c1], pair_df[c2])
C:\Github - MindQ\Mind-Q-V4-BI\backend\phases\07_readiness\impl.py:740: ConstantInputWarning: An input array is constant; the correlation coefficient is not defined.
  r_value, p_value = stats.pearsonr(pair_df[c1], pair_df[c2])
C:\Github - MindQ\Mind-Q-V4-BI\backend\phases\07_readiness\impl.py:740: ConstantInputWarning: An input array is constant; the correlation coefficient is not defined.
  r_value, p_value = stats.pearsonr(pair_df[c1], pair_df[c2])
C:\Github - MindQ\Mind-Q-V4-BI\backend\phases\07_readiness\impl.py:740: ConstantInputWarning: An input array is constant; the correlation coefficient is not defined.
  r_value, p_value = stats.pearsonr(pair_df[c1], pair_df[c2])
C:\Github - MindQ\Mind-Q-V4-BI\backend\phases\07_readiness\impl.py:740: ConstantInputWarning: An input array is constant; the correlation coefficient is not defined.
  r_value, p_value = stats.pearsonr(pair_df[c1], pair_df[c2])
C:\Github - MindQ\Mind-Q-V4-BI\backend\phases\07_readiness\impl.py:740: ConstantInputWarning: An input array is constant; the correlation coefficient is not defined.
  r_value, p_value = stats.pearsonr(pair_df[c1], pair_df[c2])
C:\Github - MindQ\Mind-Q-V4-BI\backend\phases\07_readiness\impl.py:740: ConstantInputWarning: An input array is constant; the correlation coefficient is not defined.
  r_value, p_value = stats.pearsonr(pair_df[c1], pair_df[c2])
C:\Github - MindQ\Mind-Q-V4-BI\backend\phases\07_readiness\impl.py:740: ConstantInputWarning: An input array is constant; the correlation coefficient is not defined.
  r_value, p_value = stats.pearsonr(pair_df[c1], pair_df[c2])
C:\Github - MindQ\Mind-Q-V4-BI\backend\phases\07_readiness\impl.py:740: ConstantInputWarning: An input array is constant; the correlation coefficient is not defined.
  r_value, p_value = stats.pearsonr(pair_df[c1], pair_df[c2])
C:\Github - MindQ\Mind-Q-V4-BI\backend\phases\07_readiness\impl.py:740: ConstantInputWarning: An input array is constant; the correlation coefficient is not defined.
  r_value, p_value = stats.pearsonr(pair_df[c1], pair_df[c2])
C:\Github - MindQ\Mind-Q-V4-BI\backend\phases\07_readiness\impl.py:740: ConstantInputWarning: An input array is constant; the correlation coefficient is not defined.
  r_value, p_value = stats.pearsonr(pair_df[c1], pair_df[c2])
C:\Github - MindQ\Mind-Q-V4-BI\backend\phases\07_readiness\impl.py:740: ConstantInputWarning: An input array is constant; the correlation coefficient is not defined.
  r_value, p_value = stats.pearsonr(pair_df[c1], pair_df[c2])
C:\Github - MindQ\Mind-Q-V4-BI\backend\phases\07_readiness\impl.py:740: ConstantInputWarning: An input array is constant; the correlation coefficient is not defined.
  r_value, p_value = stats.pearsonr(pair_df[c1], pair_df[c2])
C:\Github - MindQ\Mind-Q-V4-BI\backend\phases\07_readiness\impl.py:740: ConstantInputWarning: An input array is constant; the correlation coefficient is not defined.
  r_value, p_value = stats.pearsonr(pair_df[c1], pair_df[c2])
C:\Github - MindQ\Mind-Q-V4-BI\backend\phases\07_readiness\impl.py:740: ConstantInputWarning: An input array is constant; the correlation coefficient is not defined.
  r_value, p_value = stats.pearsonr(pair_df[c1], pair_df[c2])
C:\Github - MindQ\Mind-Q-V4-BI\backend\phases\07_readiness\impl.py:740: ConstantInputWarning: An input array is constant; the correlation coefficient is not defined.
  r_value, p_value = stats.pearsonr(pair_df[c1], pair_df[c2])
C:\Github - MindQ\Mind-Q-V4-BI\backend\phases\07_readiness\impl.py:740: ConstantInputWarning: An input array is constant; the correlation coefficient is not defined.
  r_value, p_value = stats.pearsonr(pair_df[c1], pair_df[c2])
C:\Github - MindQ\Mind-Q-V4-BI\backend\phases\07_readiness\impl.py:740: ConstantInputWarning: An input array is constant; the correlation coefficient is not defined.
  r_value, p_value = stats.pearsonr(pair_df[c1], pair_df[c2])
C:\Github - MindQ\Mind-Q-V4-BI\backend\phases\07_readiness\impl.py:740: ConstantInputWarning: An input array is constant; the correlation coefficient is not defined.
  r_value, p_value = stats.pearsonr(pair_df[c1], pair_df[c2])
C:\Github - MindQ\Mind-Q-V4-BI\backend\phases\07_readiness\impl.py:740: ConstantInputWarning: An input array is constant; the correlation coefficient is not defined.
  r_value, p_value = stats.pearsonr(pair_df[c1], pair_df[c2])
C:\Github - MindQ\Mind-Q-V4-BI\backend\phases\07_readiness\impl.py:740: ConstantInputWarning: An input array is constant; the correlation coefficient is not defined.
  r_value, p_value = stats.pearsonr(pair_df[c1], pair_df[c2])
C:\Github - MindQ\Mind-Q-V4-BI\backend\phases\07_readiness\impl.py:740: ConstantInputWarning: An input array is constant; the correlation coefficient is not defined.
  r_value, p_value = stats.pearsonr(pair_df[c1], pair_df[c2])
C:\Github - MindQ\Mind-Q-V4-BI\backend\phases\07_readiness\impl.py:740: ConstantInputWarning: An input array is constant; the correlation coefficient is not defined.
  r_value, p_value = stats.pearsonr(pair_df[c1], pair_df[c2])
C:\Github - MindQ\Mind-Q-V4-BI\backend\phases\07_readiness\impl.py:740: ConstantInputWarning: An input array is constant; the correlation coefficient is not defined.
  r_value, p_value = stats.pearsonr(pair_df[c1], pair_df[c2])
C:\Github - MindQ\Mind-Q-V4-BI\backend\phases\07_readiness\impl.py:740: ConstantInputWarning: An input array is constant; the correlation coefficient is not defined.
  r_value, p_value = stats.pearsonr(pair_df[c1], pair_df[c2])
C:\Github - MindQ\Mind-Q-V4-BI\backend\phases\07_readiness\impl.py:740: ConstantInputWarning: An input array is constant; the correlation coefficient is not defined.
  r_value, p_value = stats.pearsonr(pair_df[c1], pair_df[c2])
C:\Github - MindQ\Mind-Q-V4-BI\backend\phases\07_readiness\impl.py:740: ConstantInputWarning: An input array is constant; the correlation coefficient is not defined.
  r_value, p_value = stats.pearsonr(pair_df[c1], pair_df[c2])
C:\Github - MindQ\Mind-Q-V4-BI\backend\phases\07_readiness\impl.py:740: ConstantInputWarning: An input array is constant; the correlation coefficient is not defined.
  r_value, p_value = stats.pearsonr(pair_df[c1], pair_df[c2])
C:\Github - MindQ\Mind-Q-V4-BI\backend\phases\07_readiness\impl.py:740: ConstantInputWarning: An input array is constant; the correlation coefficient is not defined.
  r_value, p_value = stats.pearsonr(pair_df[c1], pair_df[c2])
C:\Github - MindQ\Mind-Q-V4-BI\backend\phases\07_readiness\impl.py:740: ConstantInputWarning: An input array is constant; the correlation coefficient is not defined.
  r_value, p_value = stats.pearsonr(pair_df[c1], pair_df[c2])
C:\Github - MindQ\Mind-Q-V4-BI\backend\phases\07_readiness\impl.py:740: ConstantInputWarning: An input array is constant; the correlation coefficient is not defined.
  r_value, p_value = stats.pearsonr(pair_df[c1], pair_df[c2])
C:\Github - MindQ\Mind-Q-V4-BI\backend\phases\07_readiness\impl.py:740: ConstantInputWarning: An input array is constant; the correlation coefficient is not defined.
  r_value, p_value = stats.pearsonr(pair_df[c1], pair_df[c2])
C:\Github - MindQ\Mind-Q-V4-BI\backend\phases\07_readiness\impl.py:740: ConstantInputWarning: An input array is constant; the correlation coefficient is not defined.
  r_value, p_value = stats.pearsonr(pair_df[c1], pair_df[c2])
C:\Github - MindQ\Mind-Q-V4-BI\backend\phases\07_readiness\impl.py:740: ConstantInputWarning: An input array is constant; the correlation coefficient is not defined.
  r_value, p_value = stats.pearsonr(pair_df[c1], pair_df[c2])
C:\Github - MindQ\Mind-Q-V4-BI\backend\phases\07_readiness\impl.py:740: ConstantInputWarning: An input array is constant; the correlation coefficient is not defined.
  r_value, p_value = stats.pearsonr(pair_df[c1], pair_df[c2])
C:\Github - MindQ\Mind-Q-V4-BI\backend\phases\07_readiness\impl.py:740: ConstantInputWarning: An input array is constant; the correlation coefficient is not defined.
  r_value, p_value = stats.pearsonr(pair_df[c1], pair_df[c2])
C:\Github - MindQ\Mind-Q-V4-BI\backend\phases\07_readiness\impl.py:740: ConstantInputWarning: An input array is constant; the correlation coefficient is not defined.
  r_value, p_value = stats.pearsonr(pair_df[c1], pair_df[c2])
C:\Github - MindQ\Mind-Q-V4-BI\backend\phases\07_readiness\impl.py:740: ConstantInputWarning: An input array is constant; the correlation coefficient is not defined.
  r_value, p_value = stats.pearsonr(pair_df[c1], pair_df[c2])
C:\Github - MindQ\Mind-Q-V4-BI\backend\phases\07_readiness\impl.py:740: ConstantInputWarning: An input array is constant; the correlation coefficient is not defined.
  r_value, p_value = stats.pearsonr(pair_df[c1], pair_df[c2])
C:\Github - MindQ\Mind-Q-V4-BI\backend\phases\07_readiness\impl.py:740: ConstantInputWarning: An input array is constant; the correlation coefficient is not defined.
  r_value, p_value = stats.pearsonr(pair_df[c1], pair_df[c2])
C:\Github - MindQ\Mind-Q-V4-BI\backend\phases\07_readiness\impl.py:740: ConstantInputWarning: An input array is constant; the correlation coefficient is not defined.
  r_value, p_value = stats.pearsonr(pair_df[c1], pair_df[c2])
C:\Github - MindQ\Mind-Q-V4-BI\backend\phases\07_readiness\impl.py:740: ConstantInputWarning: An input array is constant; the correlation coefficient is not defined.
  r_value, p_value = stats.pearsonr(pair_df[c1], pair_df[c2])
C:\Github - MindQ\Mind-Q-V4-BI\backend\phases\07_readiness\impl.py:740: ConstantInputWarning: An input array is constant; the correlation coefficient is not defined.
  r_value, p_value = stats.pearsonr(pair_df[c1], pair_df[c2])
C:\Github - MindQ\Mind-Q-V4-BI\backend\phases\07_readiness\impl.py:740: ConstantInputWarning: An input array is constant; the correlation coefficient is not defined.
  r_value, p_value = stats.pearsonr(pair_df[c1], pair_df[c2])
C:\Github - MindQ\Mind-Q-V4-BI\backend\phases\07_readiness\impl.py:740: ConstantInputWarning: An input array is constant; the correlation coefficient is not defined.
  r_value, p_value = stats.pearsonr(pair_df[c1], pair_df[c2])
C:\Github - MindQ\Mind-Q-V4-BI\backend\phases\07_readiness\impl.py:740: ConstantInputWarning: An input array is constant; the correlation coefficient is not defined.
  r_value, p_value = stats.pearsonr(pair_df[c1], pair_df[c2])
C:\Github - MindQ\Mind-Q-V4-BI\backend\phases\07_readiness\impl.py:740: ConstantInputWarning: An input array is constant; the correlation coefficient is not defined.
  r_value, p_value = stats.pearsonr(pair_df[c1], pair_df[c2])
C:\Github - MindQ\Mind-Q-V4-BI\backend\phases\07_readiness\impl.py:740: ConstantInputWarning: An input array is constant; the correlation coefficient is not defined.
  r_value, p_value = stats.pearsonr(pair_df[c1], pair_df[c2])
C:\Github - MindQ\Mind-Q-V4-BI\backend\phases\07_readiness\impl.py:740: ConstantInputWarning: An input array is constant; the correlation coefficient is not defined.
  r_value, p_value = stats.pearsonr(pair_df[c1], pair_df[c2])
C:\Github - MindQ\Mind-Q-V4-BI\backend\phases\07_readiness\impl.py:740: ConstantInputWarning: An input array is constant; the correlation coefficient is not defined.
  r_value, p_value = stats.pearsonr(pair_df[c1], pair_df[c2])
C:\Github - MindQ\Mind-Q-V4-BI\backend\phases\07_readiness\impl.py:740: ConstantInputWarning: An input array is constant; the correlation coefficient is not defined.
  r_value, p_value = stats.pearsonr(pair_df[c1], pair_df[c2])
C:\Github - MindQ\Mind-Q-V4-BI\backend\phases\07_readiness\impl.py:740: ConstantInputWarning: An input array is constant; the correlation coefficient is not defined.
  r_value, p_value = stats.pearsonr(pair_df[c1], pair_df[c2])
C:\Github - MindQ\Mind-Q-V4-BI\backend\phases\07_readiness\impl.py:740: ConstantInputWarning: An input array is constant; the correlation coefficient is not defined.
  r_value, p_value = stats.pearsonr(pair_df[c1], pair_df[c2])
C:\Github - MindQ\Mind-Q-V4-BI\backend\phases\07_readiness\impl.py:740: ConstantInputWarning: An input array is constant; the correlation coefficient is not defined.
  r_value, p_value = stats.pearsonr(pair_df[c1], pair_df[c2])
C:\Github - MindQ\Mind-Q-V4-BI\backend\phases\07_readiness\impl.py:740: ConstantInputWarning: An input array is constant; the correlation coefficient is not defined.
  r_value, p_value = stats.pearsonr(pair_df[c1], pair_df[c2])
C:\Github - MindQ\Mind-Q-V4-BI\backend\phases\07_readiness\impl.py:740: ConstantInputWarning: An input array is constant; the correlation coefficient is not defined.
  r_value, p_value = stats.pearsonr(pair_df[c1], pair_df[c2])
C:\Github - MindQ\Mind-Q-V4-BI\backend\phases\07_readiness\impl.py:740: ConstantInputWarning: An input array is constant; the correlation coefficient is not defined.
  r_value, p_value = stats.pearsonr(pair_df[c1], pair_df[c2])
C:\Github - MindQ\Mind-Q-V4-BI\backend\phases\07_readiness\impl.py:740: ConstantInputWarning: An input array is constant; the correlation coefficient is not defined.
  r_value, p_value = stats.pearsonr(pair_df[c1], pair_df[c2])
C:\Github - MindQ\Mind-Q-V4-BI\backend\phases\07_readiness\impl.py:740: ConstantInputWarning: An input array is constant; the correlation coefficient is not defined.
  r_value, p_value = stats.pearsonr(pair_df[c1], pair_df[c2])
C:\Github - MindQ\Mind-Q-V4-BI\.venv\lib\site-packages\numpy\lib\_function_base_impl.py:2999: RuntimeWarning: invalid value encountered in divide
  c /= stddev[:, None]
C:\Github - MindQ\Mind-Q-V4-BI\.venv\lib\site-packages\numpy\lib\_function_base_impl.py:3000: RuntimeWarning: invalid value encountered in divide
  c /= stddev[None, :]
C:\Github - MindQ\Mind-Q-V4-BI\backend\phases\07_7_business_correlations\impl.py:167: ConstantInputWarning: An input array is constant; the correlation coefficient is not defined.
  corr_value, p_value = pearsonr(pair[col_a], pair[col_b])
C:\Github - MindQ\Mind-Q-V4-BI\backend\phases\07_7_business_correlations\impl.py:167: ConstantInputWarning: An input array is constant; the correlation coefficient is not defined.
  corr_value, p_value = pearsonr(pair[col_a], pair[col_b])
